doctor_id,name,specialty,department
1,Meera Guha,Pulmonology,OPD
2,Bhavana Ahluwalia,Dermatology,Rehab
3,Anil Parashar,ENT,Emergency
4,Charu Datta,Nephrology,Surgery
5,Santosh Dasgupta,Pediatrics,Surgery
6,Shreya Saxena,Orthopedics,Emergency
7,Rajiv Sood,Nephrology,OPD
8,Shalini Murthy,Pediatrics,Rehab
9,Nandini Bajaj,Gastroenterology,Emergency
10,Varun Gupta,Orthopedics,ICU
11,Madhav Gill,Nephrology,Pathology
12,Mukul Mukhopadhyay,Dermatology,Diagnostics
13,Rita Reddy,Cardiology,Radiology
14,Ramesh Mukhopadhyay,Oncology,Emergency
15,Alok Shetty,Orthopedics,Emergency
16,Anmol Sen,ENT,Diagnostics
17,Tina Mookerjee,Pediatrics,ICU
18,Kartik Parashar,Dermatology,Emergency
19,Rita Roy,Oncology,Pathology
20,Indira Yadav,ENT,OPD
21,Arun Kapoor,Nephrology,Pathology
22,Aparna Tyagi,Pulmonology,OPD
23,Arun Saxena,Gastroenterology,Radiology
24,Deepa Naidu,ENT,Diagnostics
25,Veena Mathur,Oncology,ICU
26,Varun Luthra,Dermatology,Pathology
27,Rajat Tyagi,Cardiology,Diagnostics
28,Sunita Mukherjee,Orthopedics,Surgery
29,Kabir Bose,Neurology,Radiology
30,Aparna Mathur,Cardiology,Radiology
31,Sarita Kashyap,Dermatology,Surgery
32,Sanjay Mukhopadhyay,Cardiology,Diagnostics
33,Swati Sidhu,Dermatology,OPD
34,Kavita Deshmukh,Neurology,Diagnostics
35,Sneha Wadhwa,Neurology,ICU
36,Naveen Rangnathan,Cardiology,Pathology
37,Geeta Iyer,Pulmonology,Radiology
38,Suresh Swamy,Oncology,OPD
39,Geeta Gupta,Dermatology,Diagnostics
40,Kabir Nigam,Pediatrics,Surgery
41,Aditya Krishnan,Pulmonology,OPD
42,Naveen Srivastava,Pulmonology,ICU
43,Shyam Oberoi,Dermatology,Diagnostics
44,Rita Pandey,Neurology,Pathology
45,Sonia Patel,Nephrology,OPD
46,Meera Nigam,Pulmonology,OPD
47,Anita Reddy,Cardiology,Rehab
48,Veena Chauhan,Orthopedics,Diagnostics
49,Omkar Juneja,Orthopedics,Rehab
50,Nisha Tiwari,Pediatrics,OPD
51,Arun Bhat,ENT,OPD
52,Rajesh Dutta,Nephrology,Pathology
53,Rakesh Nair,ENT,Surgery
54,Santosh Purohit,Gastroenterology,Pathology
55,Ramesh Purohit,Oncology,Surgery
56,Deepa Iyer,Nephrology,Surgery
57,Saira Mookerjee,Orthopedics,OPD
58,Omkar Arora,Pulmonology,ICU
59,Ashok Bajaj,Pulmonology,Diagnostics
60,Nisha Datta,Cardiology,ICU
61,Rahul Roy,Pulmonology,Rehab
62,Harini Naidu,Neurology,Rehab
63,Priya Swamy,Gastroenterology,Diagnostics
64,Sudha Rawat,Neurology,Surgery
65,Parveen Upadhyay,Dermatology,ICU
66,Saira Hooda,Oncology,Surgery
67,Rahul Sehgal,Orthopedics,Surgery
68,Suresh Luthra,Neurology,ICU
69,Abhay Bajaj,Neurology,Pathology
70,Ananya Kulkarni,ENT,Diagnostics
71,Amit Khanna,Pediatrics,Rehab
72,Harini Chhabra,Neurology,Rehab
73,Akhil Chauhan,Cardiology,Emergency
74,Sonia Dubey,Pediatrics,Diagnostics
75,Manoj Anand,Gastroenterology,Surgery
76,Mahesh Pandey,ENT,Radiology
77,Ritu Chatterjee,Gastroenterology,Radiology
78,Manoj Wadhwa,Nephrology,Surgery
79,Saira Nambiar,Pulmonology,Radiology
80,Monika Chauhan,ENT,ICU
81,Neha Dutta,Cardiology,Diagnostics
82,Shalini Ahluwalia,Orthopedics,Radiology
83,Suresh Rawat,Orthopedics,Radiology
84,Naveen Kapoor,Pulmonology,Emergency
85,Akhil Datta,Orthopedics,Pathology
86,Meera Reddy,Pediatrics,Rehab
87,Manoj Banerjee,Pulmonology,Radiology
88,Hemant Saxena,Oncology,ICU
89,Veena Jain,Neurology,Emergency
90,Lakshmi Dubey,Neurology,Emergency
91,Kiran Bansal,Pulmonology,ICU
92,Rakesh Iyengar,Neurology,ICU
93,Charu Banerjee,Orthopedics,Emergency
94,Sneha Krishnan,Pulmonology,Surgery
95,Rita Deshmukh,Cardiology,OPD
96,Parveen Oberoi,Pediatrics,ICU
97,Suresh Mehta,Pulmonology,Diagnostics
98,Mahesh Mukherjee,Pediatrics,Diagnostics
99,Rajat Chatterjee,Dermatology,OPD
100,Charu Chowdhury,Nephrology,OPD
101,Chitra Sandhu,Nephrology,Emergency
102,Divya Saxena,Dermatology,Surgery
103,Mukul Nambiar,Pulmonology,Radiology
104,Mahesh Mukhopadhyay,Cardiology,Emergency
105,Ruchi Datta,Pulmonology,Surgery
106,Siddharth Naidu,Pulmonology,Emergency
107,Saira Anand,Nephrology,Diagnostics
108,Seema Luthra,Gastroenterology,OPD
109,Sanjay Saxena,Nephrology,Rehab
110,Amit Bajaj,Nephrology,Pathology
111,Vinita Das,Dermatology,Pathology
112,Dinesh Chauhan,Neurology,OPD
113,Nisha Dubey,Neurology,Pathology
114,Sarita Grover,Nephrology,OPD
115,Geeta Kapoor,Cardiology,ICU
116,Seema Rangnathan,Dermatology,Diagnostics
117,Priya Kashyap,Orthopedics,Surgery
118,Rahul Chauhan,Oncology,OPD
119,Ishita Swamy,Orthopedics,Diagnostics
120,Naveen Mathur,Dermatology,Diagnostics
121,Lakshmi Chakraborty,ENT,Pathology
122,Shalini Mukherjee,Nephrology,Surgery
123,Ananya Swamy,Cardiology,Pathology
124,Mahesh Chhabra,Nephrology,Rehab
125,Parveen Dutta,Neurology,OPD
126,Rohit Chhabra,Nephrology,ICU
127,Lata Naidu,Pulmonology,Emergency
128,Manoj Mehta,Nephrology,ICU
129,Krishna Mishra,ENT,OPD
130,Ramesh Tyagi,Pulmonology,Radiology
131,Lata Gill,Orthopedics,Emergency
132,Neha Bansal,Oncology,Radiology
133,Abhay Reddy,Nephrology,Radiology
134,Shreya Singh,ENT,Diagnostics
135,Sudha Subramanian,Gastroenterology,Rehab
136,Charu Sandhu,Nephrology,Radiology
137,Shreya Dutta,Oncology,ICU
138,Ananya Saxena,Neurology,Rehab
139,Rita Upadhyay,Dermatology,OPD
140,Bhavna Aggarwal,Gastroenterology,Emergency
141,Kavita Kulkarni,Pulmonology,OPD
142,Sunita Dutta,Oncology,Emergency
143,Sanjay Patel,Dermatology,ICU
144,Deepa Dubey,Oncology,Pathology
145,Vivek Rawat,Nephrology,Diagnostics
146,Priya Rangnathan,Neurology,Radiology
147,Anita Yadav,Dermatology,Pathology
148,Rekha Guha,Pediatrics,Rehab
149,Rajiv Chatterjee,Oncology,Pathology
150,Parveen Goel,Orthopedics,Radiology
151,Hemant Khan,Pulmonology,Diagnostics
152,Abhay Chopra,Pediatrics,Diagnostics
153,Rekha Joshi,Neurology,Emergency
154,Tarun Goel,ENT,Radiology
155,Kiran Shetty,Oncology,ICU
156,Omkar Bhatt,Orthopedics,OPD
157,Santosh Verma,Orthopedics,OPD
158,Gayatri Upadhyay,Cardiology,ICU
159,Deepa Anand,Oncology,ICU
160,Ashok Sethi,Dermatology,Rehab
161,Suresh Dubey,Gastroenterology,OPD
162,Mukul Tyagi,Pediatrics,Rehab
163,Meera Chowdhury,Orthopedics,Diagnostics
164,Kiran Grover,ENT,ICU
165,Shreya Sood,Pulmonology,Radiology
166,Arvind Iyer,Gastroenterology,Rehab
167,Omkar Hooda,Oncology,Rehab
168,Smita Grover,Cardiology,ICU
169,Shreya Verma,Gastroenterology,Radiology
170,Harini Rangnathan,Pulmonology,Diagnostics
171,Chitra Mishra,Nephrology,Pathology
172,Padma Naidu,Neurology,Rehab
173,Harini Singh,Oncology,Radiology
174,Charu Oberoi,Pulmonology,Rehab
175,Tina Sidhu,ENT,Emergency
176,Vikram Swamy,ENT,Radiology
177,Ajay Bhat,Cardiology,Emergency
178,Akhil Bhatt,Neurology,Diagnostics
179,Kiran Datta,Pulmonology,Pathology
180,Bhavna Sethi,Oncology,ICU
181,Monika Arora,Oncology,Diagnostics
182,Mukul Kashyap,Nephrology,Surgery
183,Meera Deshmukh,Pediatrics,Diagnostics
184,Usha Bhatt,Pulmonology,OPD
185,Aditya Tyagi,Orthopedics,ICU
186,Ananya Rawat,Cardiology,OPD
187,Vikram Pandey,Pulmonology,Surgery
188,Charu Chauhan,Cardiology,Surgery
189,Amol Purohit,Cardiology,OPD
190,Hemant Chakraborty,Pulmonology,Rehab
191,Kabir Saluja,ENT,ICU
192,Farhan Naidu,Gastroenterology,Emergency
193,Farhan Kohli,Pediatrics,Pathology
194,Vivek Chakraborty,Orthopedics,Pathology
195,Ruchi Saluja,Neurology,Rehab
196,Hemant Rao,Pediatrics,Surgery
197,Mahesh Goel,Nephrology,OPD
198,Sonia Mathur,ENT,Surgery
199,Sudha Dasgupta,Cardiology,ICU
200,Saira Patel,Cardiology,Rehab
201,Anil Mookerjee,Orthopedics,Pathology
202,Smita Sandhu,Orthopedics,Pathology
203,Trisha Oberoi,Nephrology,Rehab
204,Ananya Singh,Pediatrics,Emergency
205,Padma Sharma,Pulmonology,Diagnostics
206,Tina Juneja,Pediatrics,Emergency
207,Trisha Purohit,Nephrology,Radiology
208,Gaurav Nigam,Pulmonology,Pathology
209,Sonal Sood,Pediatrics,Emergency
210,Chandan Bhat,Neurology,Diagnostics
211,Preeti Tandon,Nephrology,Rehab
212,Anmol Nambiar,Neurology,Surgery
213,Smita Mehta,Pulmonology,Rehab
214,Lavanya Bhatt,Oncology,OPD
215,Ishita Pillai,Pediatrics,Rehab
216,Kabir Rawat,Oncology,OPD
217,Prakash Bose,Orthopedics,OPD
218,Lavanya Parashar,Cardiology,ICU
219,Manoj Purohit,Neurology,Rehab
220,Rakesh Juneja,Cardiology,Radiology
221,Veena Bahl,Orthopedics,Diagnostics
222,Bhavana Rao,Gastroenterology,Pathology
223,Pooja Bhattacharya,Dermatology,Rehab
224,Usha Tyagi,Pulmonology,Radiology
225,Trisha Tandon,Pulmonology,Pathology
226,Indira Shetty,Pediatrics,Diagnostics
227,Divya Iyengar,Neurology,Pathology
228,Shalini Saxena,Orthopedics,Radiology
229,Lata Singh,Neurology,ICU
230,Madhav Rangnathan,Pediatrics,Rehab
231,Seema Mehta,Oncology,Radiology
232,Bhavna Bhat,Dermatology,OPD
233,Anmol Mishra,Pediatrics,Diagnostics
234,Rita Nambiar,Pediatrics,Diagnostics
235,Rahul Jain,Neurology,Diagnostics
236,Padmini Parashar,Orthopedics,Pathology
237,Mahesh Sharma,Pulmonology,OPD
238,Sunita Dasgupta,Neurology,Rehab
239,Sonia Dasgupta,Gastroenterology,Rehab
240,Saira Wadhwa,Nephrology,Radiology
241,Omkar Bose,Cardiology,Emergency
242,Bhavna Kashyap,Pediatrics,OPD
243,Anil Murthy,Oncology,Diagnostics
244,Chandan Choudhury,Pediatrics,Surgery
245,Manoj Rangnathan,Nephrology,Diagnostics
246,Harish Krishnan,Gastroenterology,OPD
247,Padma Singh,Pulmonology,Pathology
248,Ramesh Chopra,Nephrology,Diagnostics
249,Shalini Bahl,Pulmonology,Emergency
250,Swati Banerjee,Pulmonology,Rehab
251,Pooja Sethi,Nephrology,OPD
252,Rohit Talwar,Pediatrics,OPD
253,Kabir Luthra,Nephrology,Surgery
254,Naveen Yadav,Nephrology,ICU
255,Charu Chatterjee,Gastroenterology,ICU
256,Naveen Khan,Nephrology,Rehab
257,Sneha Chowdhury,Neurology,Rehab
258,Sudha Yadav,ENT,OPD
259,Akhil Juneja,Cardiology,Rehab
260,Divya Saxena,Gastroenterology,ICU
261,Naveen Reddy,Oncology,OPD
262,Rekha Anand,Nephrology,OPD
263,Lakshmi Bajaj,Orthopedics,OPD
264,Priya Shetty,Gastroenterology,Emergency
265,Santosh Nair,Neurology,OPD
266,Padma Aggarwal,ENT,Rehab
267,Santosh Swamy,ENT,Pathology
268,Arvind Swamy,Orthopedics,Diagnostics
269,Kavita Aggarwal,Pulmonology,OPD
270,Prakash Chauhan,Orthopedics,Emergency
271,Dev Upadhyay,Oncology,Rehab
272,Santosh Chowdhury,ENT,Emergency
273,Kartik Thakur,Orthopedics,OPD
274,Padma Luthra,Pediatrics,Emergency
275,Swati Chatterjee,Pulmonology,Emergency
276,Vikram Iyer,Pulmonology,Pathology
277,Saira Kashyap,Cardiology,Rehab
278,Manoj Chauhan,Gastroenterology,Radiology
279,Amol Mukhopadhyay,Pediatrics,Emergency
280,Sonal Subramanian,Pulmonology,OPD
281,Vikram Malhotra,Cardiology,Rehab
282,Kushal Gill,Gastroenterology,Emergency
283,Akhil Malhotra,ENT,Surgery
284,Vikram Saxena,Gastroenterology,ICU
285,Sunita Juneja,Orthopedics,Pathology
286,Ishita Juneja,Dermatology,ICU
287,Harini Ahluwalia,Nephrology,ICU
288,Amol Sen,Cardiology,Surgery
289,Preeti Dutta,Pulmonology,Radiology
290,Padma Shetty,Dermatology,Rehab
291,Vinita Chakraborty,Oncology,Radiology
292,Mahesh Bansal,Cardiology,ICU
293,Aditya Nambiar,Dermatology,Rehab
294,Mahesh Krishnan,ENT,ICU
295,Neha Kashyap,Orthopedics,Rehab
296,Sonia Grover,Oncology,Rehab
297,Veena Gill,Oncology,Emergency
298,Vikram Nair,Nephrology,ICU
299,Rajesh Srivastava,Oncology,Emergency
300,Ishita Rajput,Dermatology,ICU
301,Rahul Chopra,Neurology,Diagnostics
302,Manoj Saxena,Pediatrics,Emergency
303,Hemant Banerjee,Pulmonology,Rehab
304,Padma Kohli,Oncology,Pathology
305,Farhan Dasgupta,ENT,ICU
306,Varun Datta,Pediatrics,Radiology
307,Amit Thakur,Gastroenterology,Emergency
308,Smita Murthy,Gastroenterology,OPD
309,Suresh Subramanian,Pediatrics,Diagnostics
310,Amol Puri,Dermatology,Radiology
311,Chitra Pillai,Pediatrics,ICU
312,Suresh Iyengar,Gastroenterology,Surgery
313,Madhav Bajaj,Pulmonology,OPD
314,Seema Rao,Neurology,ICU
315,Aparna Goel,Pulmonology,ICU
316,Indira Kohli,Gastroenterology,Emergency
317,Krishna Talwar,Pediatrics,ICU
318,Gaurav Luthra,ENT,Emergency
319,Smita Bansal,Cardiology,ICU
320,Naveen Sehgal,ENT,Pathology
321,Rakesh Pathak,Cardiology,Emergency
322,Kiran Kashyap,Pediatrics,Surgery
323,Seema Chauhan,Nephrology,Rehab
324,Kavita Juneja,Orthopedics,OPD
325,Padma Mathur,Orthopedics,Rehab
326,Lata Sidhu,Oncology,Radiology
327,Sameer Pillai,Dermatology,Radiology
328,Ritu Choudhury,Cardiology,Emergency
329,Usha Goel,Nephrology,Emergency
330,Harini Jain,Neurology,Pathology
331,Dev Nigam,Neurology,Pathology
332,Arvind Anand,Pulmonology,OPD
333,Harish Parashar,Dermatology,Emergency
334,Rakesh Dutta,Pediatrics,OPD
335,Charu Swamy,Orthopedics,Diagnostics
336,Shyam Nair,Dermatology,Surgery
337,Parveen Sen,Gastroenterology,ICU
338,Swati Sharma,Cardiology,OPD
339,Siddharth Tandon,ENT,ICU
340,Harish Grover,Gastroenterology,Radiology
341,Akhil Chopra,Oncology,Emergency
342,Varun Menon,Neurology,OPD
343,Lavanya Malhotra,Nephrology,OPD
344,Rita Tandon,Neurology,Diagnostics
345,Hemant Gill,Pediatrics,OPD
346,Arvind Jain,Neurology,Diagnostics
347,Padma Ray,Pediatrics,Diagnostics
348,Rekha Jain,Pediatrics,Emergency
349,Mukul Datta,Oncology,Surgery
350,Amit Wadhwa,Nephrology,Rehab
351,Rahul Talwar,Oncology,Pathology
352,Dinesh Kohli,Orthopedics,OPD
353,Abhay Saxena,Pulmonology,Radiology
354,Pooja Anand,Pulmonology,ICU
355,Ritu Kapoor,Pediatrics,OPD
356,Meera Shetty,Neurology,Diagnostics
357,Gaurav Rangnathan,Nephrology,OPD
358,Varun Bhatt,ENT,ICU
359,Bhavna Sen,Neurology,Surgery
360,Ruchi Malhotra,Dermatology,Surgery
361,Alok Talwar,Nephrology,Radiology
362,Kabir Puri,Nephrology,Emergency
363,Siddharth Murthy,Nephrology,Emergency
364,Krishna Ray,Neurology,Radiology
365,Anita Guha,Pulmonology,OPD
366,Bhavana Grover,Neurology,Radiology
367,Pooja Ghosh,Cardiology,Emergency
368,Monika Guha,Pediatrics,Radiology
369,Sonia Iyengar,Dermatology,Rehab
370,Tina Patel,Oncology,Emergency
371,Rajesh Rangnathan,Nephrology,Emergency
372,Ananya Chatterjee,Cardiology,Pathology
373,Sunita Rao,Orthopedics,Rehab
374,Santosh Singh,Cardiology,Pathology
375,Alok Deshmukh,Gastroenterology,Pathology
376,Chitra Nigam,Pediatrics,Radiology
377,Kiran Banerjee,Oncology,Diagnostics
378,Seema Banerjee,Cardiology,OPD
379,Shalini Swamy,Gastroenterology,Diagnostics
380,Gaurav Tandon,Dermatology,Surgery
381,Priya Sandhu,Pediatrics,ICU
382,Neha Thakur,Neurology,Pathology
383,Alok Nambiar,Gastroenterology,Rehab
384,Ananya Sen,Cardiology,Rehab
385,Ruchi Puri,ENT,OPD
386,Prakash Bansal,Pulmonology,Diagnostics
387,Hemant Goel,Oncology,Surgery
388,Geeta Luthra,Neurology,Emergency
389,Mahesh Ahluwalia,Nephrology,Radiology
390,Tarun Chauhan,Orthopedics,Diagnostics
391,Naveen Puri,Oncology,Pathology
392,Bhavana Joshi,Dermatology,Pathology
393,Charu Khan,Oncology,Diagnostics
394,Dinesh Chakraborty,Gastroenterology,Pathology
395,Ramesh Juneja,ENT,OPD
396,Smita Banerjee,Nephrology,Rehab
397,Preeti Gill,Pediatrics,Radiology
398,Vikram Rajput,Pediatrics,Radiology
399,Indira Mookerjee,Pulmonology,OPD
400,Anil Thakur,Oncology,Pathology
401,Kabir Chopra,Neurology,OPD
402,Neha Nambiar,Pulmonology,Emergency
403,Aparna Sethi,Orthopedics,Pathology
404,Lakshmi Banerjee,Gastroenterology,Pathology
405,Seema Saxena,Dermatology,Pathology
406,Chitra Luthra,Pulmonology,Pathology
407,Charu Murthy,ENT,Emergency
408,Mukul Ray,ENT,OPD
409,Mahesh Srivastava,Nephrology,OPD
410,Sameer Dutta,Pulmonology,Pathology
411,Alok Murthy,Oncology,ICU
412,Sameer Guha,Nephrology,Rehab
413,Hemant Rawat,Pediatrics,OPD
414,Suresh Rajput,Dermatology,Surgery
415,Bhavana Iyer,Dermatology,Diagnostics
416,Sudha Mishra,Cardiology,Pathology
417,Dinesh Sandhu,Oncology,Pathology
418,Rajesh Grover,ENT,Diagnostics
419,Kavita Subramanian,Dermatology,Surgery
420,Kavita Banerjee,ENT,OPD
421,Bhavna Bajaj,ENT,Surgery
422,Nisha Bose,Pediatrics,Emergency
423,Dinesh Tripathi,Cardiology,Surgery
424,Nandini Juneja,Nephrology,Radiology
425,Sonia Rangnathan,Neurology,Emergency
426,Sneha Patel,Oncology,Emergency
427,Manoj Tripathi,Nephrology,Diagnostics
428,Anmol Pandey,Cardiology,OPD
429,Ananya Mathur,Dermatology,Rehab
430,Rakesh Tandon,Pediatrics,Diagnostics
431,Neha Singh,Pediatrics,OPD
432,Swati Aggarwal,Cardiology,ICU
433,Anil Pathak,Gastroenterology,ICU
434,Monika Pathak,Pediatrics,Surgery
435,Chandan Mookerjee,Pulmonology,Surgery
436,Monika Khan,Cardiology,OPD
437,Aparna Chauhan,Neurology,Surgery
438,Ishita Banerjee,Pulmonology,ICU
439,Lakshmi Sharma,ENT,Radiology
440,Ishita Kapoor,Pediatrics,Radiology
441,Vivek Naidu,Nephrology,Pathology
442,Ruchi Roy,Neurology,Surgery
443,Veena Srivastava,Dermatology,Rehab
444,Chandan Sethi,Pulmonology,Rehab
445,Rajiv Rajput,Cardiology,Radiology
446,Manoj Jain,Oncology,Diagnostics
447,Sameer Rao,Gastroenterology,OPD
448,Kabir Khanna,Dermatology,Surgery
449,Ruchi Sharma,Orthopedics,OPD
450,Manoj Tandon,Pediatrics,Rehab
451,Charu Mishra,Cardiology,OPD
452,Priya Verma,Dermatology,Radiology
453,Nandini Dubey,Orthopedics,Rehab
454,Naveen Chakraborty,Pulmonology,OPD
455,Tina Nambiar,Nephrology,Surgery
456,Rohit Dasgupta,Cardiology,Radiology
457,Lakshmi Verma,ENT,Diagnostics
458,Naveen Deshmukh,Pulmonology,Radiology
459,Rajat Tripathi,Oncology,Radiology
460,Farhan Saxena,Orthopedics,Pathology
461,Swati Sandhu,Pediatrics,OPD
462,Usha Menon,Oncology,OPD
463,Sunita Chopra,Dermatology,OPD
464,Omkar Menon,Gastroenterology,OPD
465,Deepa Bhattacharya,Dermatology,Emergency
466,Santosh Saxena,Neurology,Emergency
467,Ruchi Chakraborty,Pediatrics,Rehab
468,Veena Bose,Neurology,Rehab
469,Lakshmi Iyer,ENT,Diagnostics
470,Ajay Mukhopadhyay,ENT,Radiology
471,Dinesh Juneja,Oncology,Rehab
472,Shalini Juneja,Cardiology,Pathology
473,Bhavana Talwar,Neurology,ICU
474,Prakash Guha,Neurology,Radiology
475,Sudha Saxena,Dermatology,Surgery
476,Usha Mukhopadhyay,ENT,OPD
477,Rajiv Iyer,Orthopedics,Diagnostics
478,Tarun Luthra,Cardiology,Rehab
479,Vivek Puri,Gastroenterology,Radiology
480,Preeti Choudhury,Cardiology,Pathology
481,Abhay Banerjee,Cardiology,OPD
482,Monika Puri,ENT,Rehab
483,Padma Menon,Pulmonology,Emergency
484,Indira Kapoor,Neurology,Radiology
485,Gayatri Ahluwalia,ENT,Pathology
486,Suresh Ahluwalia,Nephrology,Surgery
487,Neha Parashar,Orthopedics,Diagnostics
488,Neha Saxena,Pediatrics,Diagnostics
489,Geeta Gill,Cardiology,Radiology
490,Rajat Guha,Nephrology,Rehab
491,Vivek Rajput,Gastroenterology,Radiology
492,Suresh Kashyap,Dermatology,ICU
493,Madhav Bahl,Cardiology,Emergency
494,Ramesh Datta,Neurology,Diagnostics
495,Sanjay Rangnathan,Gastroenterology,Diagnostics
496,Lavanya Iyer,Dermatology,Diagnostics
497,Trisha Sethi,Pulmonology,Radiology
498,Ritu Pandey,Neurology,Diagnostics
499,Kiran Ray,Pediatrics,Pathology
500,Prakash Sehgal,Orthopedics,Surgery
501,Monika Pillai,Oncology,Pathology
502,Mahesh Mehta,Neurology,Rehab
503,Sneha Banerjee,Cardiology,Rehab
504,Lavanya Sidhu,ENT,Emergency
505,Ashok Chopra,Nephrology,Pathology
506,Rekha Yadav,Oncology,Emergency
507,Sameer Verma,Pulmonology,Rehab
508,Anmol Datta,Dermatology,Emergency
509,Padma Nigam,Cardiology,ICU
510,Shyam Datta,Gastroenterology,Emergency
511,Nisha Reddy,Pediatrics,ICU
512,Lavanya Grover,Pulmonology,Radiology
513,Tarun Swamy,Cardiology,Diagnostics
514,Seema Bajaj,Cardiology,Pathology
515,Lakshmi Tandon,Nephrology,Pathology
516,Anita Bahl,Cardiology,ICU
517,Prakash Mukherjee,Pediatrics,ICU
518,Indira Tripathi,Cardiology,Pathology
519,Ritu Chopra,Dermatology,Rehab
520,Vikram Saxena,Dermatology,Surgery
521,Kartik Verma,Orthopedics,Surgery
522,Dev Srivastava,ENT,Radiology
523,Sanjay Mathur,Dermatology,Emergency
524,Sudha Sood,Pulmonology,OPD
525,Akhil Mathur,Pediatrics,Surgery
526,Amit Nigam,Oncology,Rehab
527,Nisha Menon,ENT,OPD
528,Kiran Chopra,Pediatrics,ICU
529,Krishna Gupta,Pulmonology,Surgery
530,Rohit Wadhwa,Orthopedics,Emergency
531,Neha Bajaj,ENT,Emergency
532,Sanjay Nigam,Cardiology,Emergency
533,Kabir Bahl,Pulmonology,Rehab
534,Rohit Guha,Pediatrics,Rehab
535,Nisha Dutta,ENT,OPD
536,Chandan Krishnan,Pulmonology,Rehab
537,Ramesh Sharma,Gastroenterology,Emergency
538,Nandini Joshi,ENT,Emergency
539,Ritu Tiwari,Cardiology,Rehab
540,Rajat Subramanian,Orthopedics,ICU
541,Ajay Grover,Pulmonology,ICU
542,Tarun Roy,Gastroenterology,Diagnostics
543,Pallavi Oberoi,ENT,ICU
544,Padmini Saxena,Gastroenterology,OPD
545,Preeti Pathak,Dermatology,Radiology
546,Ananya Tripathi,Oncology,Pathology
547,Rita Purohit,Pediatrics,Diagnostics
548,Vivek Swamy,Neurology,Radiology
549,Ananya Ghosh,ENT,Diagnostics
550,Prakash Pillai,Neurology,Diagnostics
551,Dev Nambiar,ENT,OPD
552,Ruchi Nair,Nephrology,Surgery
553,Kavita Saluja,Pulmonology,Radiology
554,Chitra Sethi,Dermatology,Pathology
555,Sunita Menon,Cardiology,Emergency
556,Padma Tandon,Orthopedics,Diagnostics
557,Priya Bhattacharya,Pulmonology,Diagnostics
558,Ananya Dasgupta,Oncology,Surgery
559,Kavita Srivastava,Pediatrics,ICU
560,Sonia Mishra,Cardiology,OPD
561,Lakshmi Pillai,Gastroenterology,Surgery
562,Bhavana Sandhu,Orthopedics,Diagnostics
563,Deepa Nair,Gastroenterology,Radiology
564,Nandini Tandon,Pulmonology,Radiology
565,Saira Kohli,Orthopedics,Radiology
566,Santosh Choudhury,Dermatology,Radiology
567,Sanjay Menon,Orthopedics,Diagnostics
568,Dev Hooda,Orthopedics,Pathology
569,Siddharth Mukherjee,Dermatology,Diagnostics
570,Sneha Pathak,Oncology,Rehab
571,Santosh Chauhan,ENT,Radiology
572,Lata Menon,Gastroenterology,Pathology
573,Ishita Pandey,Pulmonology,Emergency
574,Suresh Sidhu,Neurology,Emergency
575,Bhavna Chauhan,ENT,Diagnostics
576,Shalini Nambiar,ENT,Diagnostics
577,Manoj Rajput,ENT,Diagnostics
578,Sanjay Naidu,Pulmonology,OPD
579,Rakesh Sharma,Pediatrics,Diagnostics
580,Rohit Khanna,Dermatology,Emergency
581,Sameer Singh,Nephrology,Diagnostics
582,Alok Ghosh,Neurology,ICU
583,Harini Mookerjee,Gastroenterology,Radiology
584,Nisha Yadav,Gastroenterology,ICU
585,Veena Deshmukh,Cardiology,ICU
586,Abhay Chauhan,ENT,Rehab
587,Neha Anand,Cardiology,ICU
588,Varun Parashar,Gastroenterology,Pathology
589,Rohit Singh,ENT,Surgery
590,Saira Mishra,Gastroenterology,Pathology
591,Tarun Bahl,Pediatrics,Rehab
592,Nisha Krishnan,Cardiology,Diagnostics
593,Meera Chauhan,Oncology,Diagnostics
594,Prakash Upadhyay,Neurology,Rehab
595,Ramesh Banerjee,Gastroenterology,Radiology
596,Kabir Singh,Nephrology,Diagnostics
597,Sameer Iyer,Neurology,Pathology
598,Abhay Mishra,Pediatrics,Radiology
599,Anil Bhattacharya,Nephrology,ICU
600,Preeti Dubey,Gastroenterology,OPD
601,Omkar Nair,Pediatrics,ICU
602,Harini Kashyap,Pediatrics,Emergency
603,Alok Dutta,Dermatology,Pathology
604,Ashok Krishnan,Pulmonology,Radiology
605,Harini Pillai,Nephrology,Pathology
606,Swati Tyagi,Cardiology,Radiology
607,Trisha Menon,Dermatology,OPD
608,Ritu Chowdhury,ENT,Pathology
609,Hemant Swamy,Neurology,Diagnostics
610,Shreya Purohit,Nephrology,Pathology
611,Arun Menon,ENT,Radiology
612,Sonia Khan,Pulmonology,OPD
613,Preeti Chopra,Dermatology,Diagnostics
614,Sunita Iyengar,Cardiology,OPD
615,Harini Nambiar,ENT,OPD
616,Swati Bhat,Neurology,Emergency
617,Rekha Kashyap,Dermatology,Diagnostics
618,Kushal Murthy,Orthopedics,Emergency
619,Seema Oberoi,Dermatology,Emergency
620,Sanjay Roy,Pulmonology,Emergency
621,Saira Tripathi,ENT,OPD
622,Pallavi Kapoor,Pulmonology,Diagnostics
623,Shalini Tandon,Pediatrics,Rehab
624,Rekha Saluja,Neurology,OPD
625,Parveen Kapoor,Nephrology,Radiology
626,Bhavana Krishnan,Gastroenterology,OPD
627,Siddharth Sehgal,Gastroenterology,OPD
628,Vivek Srivastava,Nephrology,Diagnostics
629,Chitra Wadhwa,Oncology,OPD
630,Anita Nair,ENT,Rehab
631,Sneha Saxena,Cardiology,OPD
632,Madhav Menon,Gastroenterology,ICU
633,Prakash Bajaj,Cardiology,Surgery
634,Charu Grover,Orthopedics,Rehab
635,Farhan Patel,Dermatology,Diagnostics
636,Sneha Das,Oncology,Radiology
637,Rohit Dutta,Gastroenterology,Pathology
638,Gayatri Tandon,Cardiology,Pathology
639,Sarita Sen,Neurology,Rehab
640,Suresh Gill,Neurology,Diagnostics
641,Sarita Chakraborty,Dermatology,Surgery
642,Shyam Tripathi,Oncology,Emergency
643,Saira Sharma,Oncology,OPD
644,Anita Sethi,ENT,Emergency
645,Krishna Pillai,Neurology,Radiology
646,Preeti Mishra,Pulmonology,Radiology
647,Vikram Menon,Dermatology,Rehab
648,Shalini Chakraborty,Orthopedics,Radiology
649,Aditya Hooda,Oncology,Radiology
650,Tarun Puri,ENT,Radiology
651,Rajesh Luthra,Pediatrics,Diagnostics
652,Aditya Dutta,Pulmonology,ICU
653,Kiran Kapoor,Pediatrics,Emergency
654,Kiran Ghosh,Pediatrics,Diagnostics
655,Bhavna Tiwari,Pulmonology,Rehab
656,Bhavna Bahl,ENT,OPD
657,Sanjay Bhattacharya,Pulmonology,Radiology
658,Gayatri Pandey,Dermatology,Emergency
659,Sunita Bansal,Gastroenterology,Radiology
660,Ritu Arora,Neurology,OPD
661,Lakshmi Rao,Nephrology,Radiology
662,Sarita Murthy,Gastroenterology,Rehab
663,Madhav Joshi,Dermatology,OPD
664,Alok Saluja,Oncology,Radiology
665,Manoj Kashyap,Oncology,Diagnostics
666,Lakshmi Aggarwal,ENT,Emergency
667,Hemant Mishra,Pulmonology,Surgery
668,Shreya Tandon,Cardiology,Surgery
669,Preeti Chowdhury,Nephrology,OPD
670,Arun Upadhyay,Pediatrics,Pathology
671,Kushal Khanna,Gastroenterology,Pathology
672,Dev Rawat,Neurology,OPD
673,Kiran Malhotra,Pulmonology,Emergency
674,Anmol Goel,Nephrology,Pathology
675,Padmini Saxena,Cardiology,ICU
676,Vinita Chatterjee,ENT,ICU
677,Priya Arora,Pediatrics,OPD
678,Sameer Rawat,Pediatrics,Emergency
679,Rajesh Thakur,Neurology,Rehab
680,Krishna Mookerjee,Pulmonology,Pathology
681,Preeti Goel,Pediatrics,Surgery
682,Harish Jain,Orthopedics,Rehab
683,Neha Arora,Gastroenterology,Pathology
684,Tarun Mookerjee,Dermatology,OPD
685,Shyam Sharma,Orthopedics,Emergency
686,Trisha Pillai,Pediatrics,Radiology
687,Abhay Mathur,Oncology,Radiology
688,Varun Grover,Neurology,Rehab
689,Sanjay Chauhan,Dermatology,Surgery
690,Anita Goel,Orthopedics,Radiology
691,Ruchi Khanna,Neurology,Surgery
692,Sonia Singh,ENT,Surgery
693,Madhav Sandhu,Nephrology,Radiology
694,Anil Nair,Neurology,Rehab
695,Monika Pandey,Oncology,Surgery
696,Rohit Parashar,Gastroenterology,OPD
697,Mahesh Mishra,Cardiology,OPD
698,Harish Malhotra,Oncology,OPD
699,Padmini Tandon,Oncology,ICU
700,Kiran Dutta,ENT,Emergency
701,Kabir Murthy,Gastroenterology,Diagnostics
702,Priya Reddy,Neurology,Radiology
703,Preeti Hooda,Gastroenterology,Surgery
704,Rajat Roy,Gastroenterology,Rehab
705,Rajat Oberoi,Gastroenterology,Diagnostics
706,Ananya Bhatt,Gastroenterology,ICU
707,Deepa Tiwari,Gastroenterology,Emergency
708,Gayatri Banerjee,Cardiology,OPD
709,Kiran Verma,Orthopedics,Pathology
710,Sonia Swamy,Orthopedics,OPD
711,Mahesh Mookerjee,Neurology,ICU
712,Preeti Mukherjee,Pulmonology,OPD
713,Pallavi Saxena,Cardiology,Radiology
714,Santosh Pandey,Pulmonology,ICU
715,Pooja Iyengar,Nephrology,ICU
716,Shyam Menon,Oncology,Pathology
717,Gaurav Hooda,Pulmonology,OPD
718,Monika Tyagi,ENT,Radiology
719,Padma Saxena,Nephrology,Radiology
720,Ananya Pillai,Pulmonology,Radiology
721,Santosh Parashar,Nephrology,Emergency
722,Mukul Chatterjee,Nephrology,Emergency
723,Sudha Iyengar,Nephrology,Surgery
724,Rekha Sidhu,Pediatrics,Surgery
725,Nisha Thakur,Pediatrics,Radiology
726,Suresh Tripathi,Dermatology,Diagnostics
727,Vikram Dasgupta,Dermatology,OPD
728,Shreya Das,Neurology,Surgery
729,Farhan Sehgal,Orthopedics,ICU
730,Ishita Khanna,Cardiology,ICU
731,Mahesh Murthy,Nephrology,Surgery
732,Sneha Kohli,Cardiology,Surgery
733,Dinesh Iyengar,Cardiology,OPD
734,Dev Gupta,Cardiology,Emergency
735,Sonal Khan,Cardiology,Emergency
736,Mahesh Dubey,Oncology,Rehab
737,Yogesh Yadav,Orthopedics,Emergency
738,Santosh Sen,Cardiology,Radiology
739,Kiran Bhatt,ENT,Pathology
740,Ishita Verma,Neurology,Diagnostics
741,Chitra Chowdhury,Gastroenterology,Pathology
742,Vivek Ray,Nephrology,OPD
743,Monika Juneja,Oncology,ICU
744,Aparna Kashyap,Nephrology,Surgery
745,Seema Gill,Oncology,Pathology
746,Shreya Nigam,Orthopedics,Rehab
747,Pooja Pillai,Gastroenterology,ICU
748,Nandini Chauhan,Oncology,Surgery
749,Ajay Menon,ENT,ICU
750,Ishita Bose,Dermatology,Pathology
751,Siddharth Deshmukh,Orthopedics,Rehab
752,Harish Bhatt,Pulmonology,Radiology
753,Krishna Menon,Gastroenterology,OPD
754,Gaurav Rajput,Pediatrics,Radiology
755,Krishna Dasgupta,Orthopedics,Diagnostics
756,Madhav Dasgupta,Pediatrics,Radiology
757,Anil Bansal,Pulmonology,ICU
758,Ruchi Saxena,Gastroenterology,Diagnostics
759,Akhil Banerjee,Dermatology,Diagnostics
760,Ashok Ray,Dermatology,Rehab
761,Bhavana Arora,Dermatology,Emergency
762,Sameer Nigam,Oncology,Diagnostics
763,Kabir Iyer,Pulmonology,Emergency
764,Ruchi Ray,Oncology,Radiology
765,Bhavna Saluja,Pulmonology,Diagnostics
766,Shalini Iyer,Pediatrics,OPD
767,Chitra Ray,Pediatrics,Rehab
768,Chitra Datta,ENT,Surgery
769,Arvind Gupta,Dermatology,Diagnostics
770,Kiran Nigam,Oncology,Rehab
771,Varun Kapoor,Nephrology,Surgery
772,Padmini Purohit,Pulmonology,Surgery
773,Saira Nair,ENT,OPD
774,Kiran Rangnathan,Neurology,Radiology
775,Krishna Rawat,Neurology,Diagnostics
776,Sneha Menon,Orthopedics,Rehab
777,Arvind Rao,Gastroenterology,Rehab
778,Yogesh Chhabra,Pulmonology,Rehab
779,Ajay Rajput,Nephrology,Emergency
780,Amol Parashar,Orthopedics,Rehab
781,Shyam Ghosh,ENT,Emergency
782,Monika Iyengar,Pediatrics,Pathology
783,Suresh Nair,Orthopedics,Surgery
784,Usha Chakraborty,Pediatrics,ICU
785,Gayatri Grover,Oncology,OPD
786,Charu Bose,Orthopedics,ICU
787,Gayatri Iyer,Cardiology,Surgery
788,Siddharth Grover,Orthopedics,OPD
789,Ananya Menon,Nephrology,Pathology
790,Tarun Bhatt,Pulmonology,Diagnostics
791,Sonal Thakur,Cardiology,Diagnostics
792,Padmini Rao,Pulmonology,Surgery
793,Ajay Chauhan,Nephrology,Surgery
794,Akhil Menon,Nephrology,OPD
795,Sarita Bajaj,ENT,ICU
796,Sunita Patel,Pulmonology,ICU
797,Tina Grover,Nephrology,Emergency
798,Charu Patel,Cardiology,OPD
799,Gayatri Ghosh,Cardiology,Diagnostics
800,Rajat Bahl,Neurology,Emergency
801,Sonal Khanna,ENT,OPD
802,Anita Deshmukh,Pediatrics,ICU
803,Sonal Sandhu,Gastroenterology,Diagnostics
804,Varun Mehta,Pulmonology,Surgery
805,Aditya Pillai,Gastroenterology,Pathology
806,Monika Luthra,Nephrology,Emergency
807,Indira Arora,Cardiology,OPD
808,Manoj Krishnan,Pediatrics,Surgery
809,Ramesh Sen,Pulmonology,Diagnostics
810,Padma Wadhwa,Dermatology,ICU
811,Indira Sehgal,Pediatrics,ICU
812,Preeti Tiwari,Pulmonology,ICU
813,Amit Datta,Nephrology,Radiology
814,Rita Gill,Pulmonology,Emergency
815,Ruchi Talwar,Nephrology,Rehab
816,Rita Khanna,Gastroenterology,OPD
817,Dinesh Chauhan,Neurology,Radiology
818,Yogesh Ray,Gastroenterology,Rehab
819,Kabir Yadav,Neurology,OPD
820,Rita Luthra,Neurology,Diagnostics
821,Shalini Bhatt,ENT,Surgery
822,Nisha Chauhan,Dermatology,Pathology
823,Rajiv Mukhopadhyay,Gastroenterology,ICU
824,Ashok Bhatt,Nephrology,ICU
825,Manoj Arora,Pediatrics,Rehab
826,Amit Reddy,Oncology,Surgery
827,Ruchi Naidu,Neurology,Surgery
828,Amit Dubey,Neurology,Radiology
829,Rekha Hooda,ENT,Diagnostics
830,Amol Dubey,Pediatrics,Radiology
831,Monika Deshmukh,Pediatrics,Surgery
832,Vikram Rangnathan,Pulmonology,Diagnostics
833,Lata Luthra,Orthopedics,Diagnostics
834,Yogesh Naidu,Oncology,Rehab
835,Neha Yadav,Pediatrics,Surgery
836,Rita Sandhu,Pulmonology,Pathology
837,Indira Singh,Orthopedics,Rehab
838,Gaurav Rawat,Gastroenterology,Diagnostics
839,Bhavana Gill,Orthopedics,Rehab
840,Bhavna Guha,ENT,Emergency
841,Chitra Das,Pediatrics,Rehab
842,Tarun Tiwari,Pulmonology,Radiology
843,Lavanya Mukhopadhyay,Gastroenterology,Diagnostics
844,Padmini Bansal,Pediatrics,Emergency
845,Ishita Bhat,Pediatrics,Radiology
846,Usha Bansal,Dermatology,Surgery
847,Siddharth Chopra,Neurology,Diagnostics
848,Rajat Anand,Pediatrics,OPD
849,Geeta Sehgal,Oncology,Pathology
850,Kabir Mukherjee,Dermatology,Radiology
851,Manoj Nigam,Neurology,Emergency
852,Lavanya Swamy,Orthopedics,OPD
853,Preeti Roy,Orthopedics,Pathology
854,Mahesh Tandon,Gastroenterology,Emergency
855,Tina Bhattacharya,Neurology,Radiology
856,Kiran Kulkarni,Gastroenterology,Surgery
857,Shreya Mukherjee,Orthopedics,ICU
858,Abhay Sidhu,ENT,Diagnostics
859,Geeta Ghosh,ENT,Surgery
860,Indira Puri,Nephrology,Pathology
861,Anmol Ghosh,Dermatology,Diagnostics
862,Parveen Murthy,ENT,Surgery
863,Sonia Sehgal,Pulmonology,Pathology
864,Bhavna Rao,Dermatology,Pathology
865,Chandan Nambiar,Gastroenterology,Diagnostics
866,Bhavna Ahluwalia,Dermatology,OPD
867,Trisha Dasgupta,Cardiology,Diagnostics
868,Shreya Malhotra,Gastroenterology,OPD
869,Vinita Chauhan,Nephrology,Emergency
870,Priya Kulkarni,Dermatology,Radiology
871,Madhav Sehgal,Cardiology,Pathology
872,Kavita Naidu,Cardiology,Pathology
873,Arvind Bansal,Orthopedics,Pathology
874,Vivek Wadhwa,Neurology,Diagnostics
875,Bhavana Anand,Nephrology,Surgery
876,Sarita Kohli,ENT,Radiology
877,Kavita Mukhopadhyay,Orthopedics,Rehab
878,Prakash Deshmukh,Cardiology,Surgery
879,Sameer Purohit,Gastroenterology,ICU
880,Gaurav Verma,Pediatrics,Emergency
881,Aparna Singh,ENT,Radiology
882,Aditya Menon,Nephrology,Emergency
883,Saira Pillai,Neurology,Rehab
884,Ajay Gill,Oncology,Surgery
885,Harish Rawat,Cardiology,Radiology
886,Seema Bhatt,Dermatology,Pathology
887,Ajay Mehta,Nephrology,Surgery
888,Bhavana Bhattacharya,Gastroenterology,ICU
889,Tina Sethi,ENT,Emergency
890,Rakesh Saxena,ENT,Emergency
891,Padmini Guha,Gastroenterology,ICU
892,Saira Chowdhury,Oncology,Emergency
893,Ramesh Pathak,Gastroenterology,Emergency
894,Charu Rajput,Nephrology,Diagnostics
895,Harish Dubey,Nephrology,Surgery
896,Omkar Anand,Gastroenterology,Radiology
897,Rekha Roy,Nephrology,ICU
898,Alok Patel,Cardiology,OPD
899,Indira Saxena,Nephrology,Pathology
900,Sarita Tripathi,ENT,ICU
901,Sudha Rao,Orthopedics,OPD
902,Sonia Jain,ENT,Emergency
903,Arun Sharma,Orthopedics,ICU
904,Rakesh Swamy,Oncology,Emergency
905,Rakesh Murthy,Cardiology,OPD
906,Mukul Bhat,Orthopedics,Radiology
907,Naveen Talwar,ENT,Surgery
908,Aparna Guha,Orthopedics,Surgery
909,Nandini Reddy,Orthopedics,Radiology
910,Sudha Verma,ENT,Surgery
911,Padmini Kohli,Pediatrics,Rehab
912,Akhil Grover,Pediatrics,Emergency
913,Padmini Bose,Oncology,OPD
914,Nandini Bhattacharya,Dermatology,ICU
915,Ashok Bhattacharya,Dermatology,ICU
916,Kiran Rao,Oncology,OPD
917,Harish Wadhwa,Pediatrics,Diagnostics
918,Arun Kulkarni,Orthopedics,Surgery
919,Rita Kashyap,Nephrology,Emergency
920,Farhan Bose,Nephrology,Radiology
921,Trisha Menon,Orthopedics,Diagnostics
922,Alok Subramanian,Neurology,OPD
923,Sameer Bhatt,Pediatrics,Pathology
924,Kavita Yadav,Pulmonology,Surgery
925,Sudha Menon,Nephrology,Pathology
926,Rajesh Verma,Dermatology,Surgery
927,Amit Chopra,Gastroenterology,Surgery
928,Dinesh Chopra,Pulmonology,Rehab
929,Manoj Bansal,Nephrology,Surgery
930,Suresh Oberoi,Dermatology,Radiology
931,Nisha Bansal,Oncology,OPD
932,Dinesh Choudhury,Dermatology,Rehab
933,Padmini Puri,Orthopedics,Emergency
934,Smita Hooda,Dermatology,Emergency
935,Ritu Bhatt,Dermatology,ICU
936,Harini Bansal,Nephrology,Surgery
937,Aditya Wadhwa,Nephrology,Emergency
938,Gaurav Upadhyay,Neurology,Surgery
939,Divya Oberoi,Gastroenterology,Emergency
940,Rakesh Puri,Neurology,Pathology
941,Sudha Khanna,Nephrology,Emergency
942,Rajat Saxena,Gastroenterology,Emergency
943,Ramesh Sood,Neurology,OPD
944,Divya Datta,Neurology,OPD
945,Rajiv Dubey,ENT,OPD
946,Bhavana Patel,Orthopedics,OPD
947,Abhay Sehgal,Cardiology,Pathology
948,Rajiv Menon,Gastroenterology,Rehab
949,Rohit Bhat,Dermatology,Diagnostics
950,Swati Yadav,Neurology,Surgery
951,Nisha Chowdhury,Pulmonology,Pathology
952,Arun Puri,Pulmonology,Pathology
953,Kavita Chauhan,Pediatrics,Emergency
954,Naveen Sethi,Cardiology,OPD
955,Ashok Shetty,Dermatology,Diagnostics
956,Yogesh Bahl,Orthopedics,Emergency
957,Rita Chowdhury,Nephrology,Surgery
958,Shyam Sandhu,Neurology,Pathology
959,Parveen Bansal,Pediatrics,Radiology
960,Ananya Mookerjee,Dermatology,ICU
961,Prakash Kashyap,Gastroenterology,OPD
962,Ruchi Banerjee,Neurology,Emergency
963,Usha Roy,Pediatrics,Radiology
964,Alok Swamy,Pediatrics,OPD
965,Vikram Ahluwalia,ENT,ICU
966,Rita Naidu,Orthopedics,Emergency
967,Abhay Jain,Nephrology,Pathology
968,Veena Chhabra,Oncology,Radiology
969,Lata Banerjee,Neurology,ICU
970,Omkar Sidhu,Oncology,Surgery
971,Indira Upadhyay,Pediatrics,ICU
972,Naveen Chauhan,Pulmonology,Pathology
973,Sonia Bansal,Nephrology,Radiology
974,Kiran Mukherjee,Dermatology,Emergency
975,Deepa Deshmukh,Gastroenterology,OPD
976,Seema Bansal,ENT,Surgery
977,Vinita Talwar,Dermatology,Emergency
978,Shyam Mukhopadhyay,Oncology,Diagnostics
979,Ishita Deshmukh,Cardiology,OPD
980,Vivek Rangnathan,Nephrology,Pathology
981,Vivek Luthra,ENT,Radiology
982,Mukul Menon,ENT,ICU
983,Pooja Tiwari,Dermatology,Pathology
984,Arun Rangnathan,Pediatrics,Surgery
985,Rajesh Wadhwa,Dermatology,ICU
986,Kabir Bansal,Pulmonology,Pathology
987,Krishna Aggarwal,ENT,Surgery
988,Neha Menon,ENT,Surgery
989,Amit Sidhu,Cardiology,Pathology
990,Gaurav Banerjee,ENT,Diagnostics
991,Usha Jain,Orthopedics,Rehab
992,Seema Choudhury,Cardiology,Rehab
993,Nisha Pillai,Pediatrics,Pathology
994,Amol Tripathi,Neurology,Surgery
995,Mahesh Oberoi,Oncology,OPD
996,Anita Choudhury,Dermatology,ICU
997,Sameer Deshmukh,Orthopedics,Rehab
998,Pooja Sandhu,Oncology,Rehab
999,Tina Choudhury,Cardiology,Diagnostics
1000,Ashok Srivastava,Dermatology,Radiology
1001,Padmini Iyengar,Dermatology,Pathology
1002,Priya Gupta,ENT,Rehab
1003,Ramesh Hooda,Oncology,Radiology
1004,Rohit Bajaj,Neurology,Emergency
1005,Lavanya Saluja,Neurology,Diagnostics
1006,Aditya Nigam,Neurology,Surgery
1007,Harish Mishra,Gastroenterology,OPD
1008,Nandini Purohit,Dermatology,Radiology
1009,Sneha Hooda,ENT,Surgery
1010,Omkar Kulkarni,Oncology,Pathology
1011,Yogesh Ghosh,Nephrology,Surgery
1012,Rajesh Singh,Nephrology,Rehab
1013,Nisha Verma,Gastroenterology,Emergency
1014,Dinesh Hooda,Orthopedics,Emergency
1015,Chandan Reddy,Pulmonology,Pathology
1016,Dev Patel,Pediatrics,Surgery
1017,Monika Sen,Orthopedics,Rehab
1018,Sneha Nair,Pediatrics,Diagnostics
1019,Sameer Chowdhury,Pediatrics,Emergency
1020,Neha Sen,Pulmonology,Diagnostics
1021,Deepa Malhotra,ENT,Surgery
1022,Rajesh Mehta,Gastroenterology,OPD
1023,Tarun Nair,ENT,Emergency
1024,Anmol Khan,Gastroenterology,Emergency
1025,Rohit Reddy,Pediatrics,OPD
1026,Sneha Bose,Orthopedics,OPD
1027,Sneha Bahl,Cardiology,Pathology
1028,Dev Dutta,ENT,Surgery
1029,Sunita Kashyap,Oncology,Radiology
1030,Rakesh Sethi,Pediatrics,Surgery
1031,Anita Menon,Pulmonology,ICU
1032,Prakash Menon,Pediatrics,Radiology
1033,Varun Iyengar,Oncology,Surgery
1034,Chitra Joshi,Cardiology,OPD
1035,Monika Mukhopadhyay,Gastroenterology,Pathology
1036,Alok Rangnathan,Pediatrics,Radiology
1037,Anil Kashyap,Nephrology,Diagnostics
1038,Gayatri Khanna,Nephrology,Pathology
1039,Kiran Singh,Neurology,Diagnostics
1040,Madhav Chauhan,Oncology,Radiology
1041,Smita Menon,Orthopedics,OPD
1042,Sanjay Sehgal,Nephrology,Diagnostics
1043,Geeta Bhat,Cardiology,ICU
1044,Nandini Bose,ENT,Radiology
1045,Alok Chakraborty,Cardiology,OPD
1046,Amol Rajput,Pulmonology,Surgery
1047,Ishita Saxena,Pediatrics,Diagnostics
1048,Ritu Das,Neurology,Radiology
1049,Sameer Joshi,Pulmonology,ICU
1050,Ashok Chhabra,Pediatrics,Radiology
1051,Sanjay Sandhu,Nephrology,Pathology
1052,Kartik Mathur,Dermatology,Pathology
1053,Veena Luthra,Neurology,Diagnostics
1054,Arvind Aggarwal,Cardiology,Rehab
1055,Alok Thakur,Cardiology,Emergency
1056,Aditya Purohit,Oncology,Radiology
1057,Harini Bhat,Gastroenterology,Emergency
1058,Sonal Datta,Pediatrics,ICU
1059,Gayatri Guha,Orthopedics,Rehab
1060,Kavita Tyagi,Pediatrics,Diagnostics
1061,Vikram Verma,Pulmonology,Rehab
1062,Shreya Chakraborty,Orthopedics,ICU
1063,Prakash Talwar,Orthopedics,Emergency
1064,Farhan Chauhan,Oncology,ICU
1065,Kushal Chhabra,Dermatology,Rehab
1066,Varun Reddy,Pediatrics,Rehab
1067,Prakash Sidhu,Nephrology,OPD
1068,Bhavana Menon,ENT,OPD
1069,Charu Ghosh,Nephrology,Radiology
1070,Hemant Roy,Pediatrics,Diagnostics
1071,Madhav Upadhyay,ENT,Surgery
1072,Rekha Pathak,Gastroenterology,Pathology
1073,Lata Subramanian,Cardiology,Surgery
1074,Preeti Oberoi,Dermatology,ICU
1075,Sudha Sehgal,Pediatrics,Pathology
1076,Chitra Reddy,Orthopedics,Rehab
1077,Kartik Chauhan,Oncology,Diagnostics
1078,Ananya Reddy,Orthopedics,Radiology
1079,Dev Murthy,Nephrology,ICU
1080,Dev Guha,Cardiology,Diagnostics
1081,Kartik Sood,Dermatology,Diagnostics
1082,Kabir Thakur,Neurology,OPD
1083,Ruchi Grover,Cardiology,Surgery
1084,Priya Mookerjee,Orthopedics,ICU
1085,Rajiv Oberoi,Cardiology,Radiology
1086,Krishna Subramanian,Neurology,OPD
1087,Ananya Krishnan,Gastroenterology,OPD
1088,Vinita Kohli,Neurology,Rehab
1089,Ajay Ghosh,Cardiology,Emergency
1090,Lakshmi Nambiar,Gastroenterology,ICU
1091,Ramesh Sandhu,Oncology,Rehab
1092,Kushal Mukherjee,Pediatrics,Diagnostics
1093,Smita Reddy,Cardiology,Rehab
1094,Sudha Upadhyay,Cardiology,Radiology
1095,Amol Bhatt,Pediatrics,Surgery
1096,Madhav Subramanian,Neurology,Pathology
1097,Dinesh Bhatt,Dermatology,OPD
1098,Varun Swamy,Nephrology,Emergency
1099,Sonal Bhat,Dermatology,Diagnostics
1100,Divya Kulkarni,Neurology,Rehab
1101,Aditya Gill,ENT,Surgery
1102,Shyam Guha,Nephrology,Radiology
1103,Lavanya Nigam,ENT,Rehab
1104,Sudha Mukherjee,Oncology,Rehab
1105,Sudha Rangnathan,Pulmonology,OPD
1106,Sneha Sehgal,Orthopedics,Pathology
1107,Kushal Iyengar,Nephrology,Rehab
1108,Monika Nigam,Neurology,Diagnostics
1109,Trisha Sehgal,Neurology,Radiology
1110,Madhav Deshmukh,Pediatrics,OPD
1111,Sanjay Swamy,Oncology,Rehab
1112,Sunita Upadhyay,ENT,Radiology
1113,Nisha Patel,Neurology,ICU
1114,Yogesh Tandon,Nephrology,OPD
1115,Dinesh Rawat,Nephrology,Diagnostics
1116,Rakesh Das,Dermatology,Rehab
1117,Harini Oberoi,Neurology,Emergency
1118,Geeta Nambiar,Orthopedics,Surgery
1119,Saira Mathur,Nephrology,ICU
1120,Gaurav Chowdhury,Gastroenterology,Pathology
1121,Madhav Saluja,Gastroenterology,Diagnostics
1122,Parveen Naidu,Gastroenterology,Emergency
1123,Tina Thakur,Neurology,Diagnostics
1124,Priya Tandon,Cardiology,Surgery
1125,Nandini Nambiar,Dermatology,Diagnostics
1126,Pooja Dasgupta,Pulmonology,Radiology
1127,Veena Kulkarni,Pulmonology,ICU
1128,Rajesh Mishra,Oncology,Emergency
1129,Meera Khan,Nephrology,Diagnostics
1130,Naveen Anand,Pulmonology,Diagnostics
1131,Kavita Menon,Neurology,Emergency
1132,Varun Talwar,ENT,Emergency
1133,Dev Malhotra,Pediatrics,Rehab
1134,Veena Rawat,Nephrology,OPD
1135,Charu Saxena,Pediatrics,Diagnostics
1136,Sarita Subramanian,Nephrology,Surgery
1137,Harini Chauhan,Pulmonology,ICU
1138,Rakesh Choudhury,Nephrology,Radiology
1139,Hemant Sidhu,Orthopedics,Surgery
1140,Swati Kashyap,Oncology,Radiology
1141,Vikram Singh,Cardiology,Radiology
1142,Divya Dasgupta,Oncology,Rehab
1143,Santosh Iyengar,Pulmonology,OPD
1144,Rahul Mathur,Nephrology,Radiology
1145,Kartik Wadhwa,Nephrology,Pathology
1146,Swati Nambiar,Dermatology,OPD
1147,Akhil Guha,Oncology,OPD
1148,Sameer Swamy,Pediatrics,Radiology
1149,Suresh Mookerjee,Oncology,Pathology
1150,Gayatri Khan,ENT,Rehab
1151,Anmol Bhatt,Pulmonology,Emergency
1152,Nandini Rajput,Orthopedics,Rehab
1153,Seema Sethi,Cardiology,Rehab
1154,Harini Mukherjee,ENT,OPD
1155,Sunita Iyer,Dermatology,Pathology
1156,Harish Yadav,Orthopedics,Rehab
1157,Mukul Oberoi,ENT,Surgery
1158,Aditya Juneja,Neurology,Emergency
1159,Hemant Sehgal,Cardiology,Surgery
1160,Krishna Datta,Pulmonology,Diagnostics
1161,Kushal Ray,Neurology,Surgery
1162,Nandini Thakur,Nephrology,ICU
1163,Arun Mukherjee,Dermatology,Radiology
1164,Gayatri Gill,Neurology,ICU
1165,Sneha Chauhan,Dermatology,Emergency
1166,Lata Talwar,ENT,OPD
1167,Ritu Saxena,Pulmonology,Rehab
1168,Lata Khan,Orthopedics,Radiology
1169,Divya Dubey,Gastroenterology,Rehab
1170,Sameer Tripathi,Neurology,Radiology
1171,Aparna Thakur,Gastroenterology,Diagnostics
1172,Sanjay Yadav,ENT,Surgery
1173,Tina Luthra,Pediatrics,Surgery
1174,Divya Sethi,Cardiology,Emergency
1175,Ishita Nigam,Neurology,Rehab
1176,Ramesh Mehta,Pulmonology,Emergency
1177,Kartik Singh,Neurology,OPD
1178,Parveen Dasgupta,Oncology,Radiology
1179,Rakesh Mathur,Pulmonology,Pathology
1180,Rita Krishnan,Oncology,Surgery
1181,Bhavana Dubey,Neurology,Radiology
1182,Amol Chauhan,Cardiology,Pathology
1183,Rahul Saluja,Dermatology,Emergency
1184,Siddharth Srivastava,Nephrology,Radiology
1185,Smita Gill,Gastroenterology,OPD
1186,Nisha Bhat,Pediatrics,Emergency
1187,Parveen Tripathi,Cardiology,Surgery
1188,Padmini Sood,Nephrology,Radiology
1189,Ashok Das,ENT,ICU
1190,Ramesh Puri,Pediatrics,Surgery
1191,Yogesh Chatterjee,Nephrology,Diagnostics
1192,Parveen Choudhury,Orthopedics,Diagnostics
1193,Pallavi Pathak,Pediatrics,Rehab
1194,Suresh Menon,Nephrology,OPD
1195,Madhav Bose,Neurology,Radiology
1196,Rajesh Bahl,Orthopedics,Radiology
1197,Rita Tripathi,ENT,Pathology
1198,Swati Thakur,ENT,OPD
1199,Aditya Joshi,Pulmonology,Pathology
1200,Mahesh Dutta,Cardiology,Radiology
1201,Tina Nair,Pulmonology,Radiology
1202,Harini Patel,Oncology,Diagnostics
1203,Sarita Khanna,Pediatrics,Surgery
1204,Anil Bhatt,Dermatology,OPD
1205,Geeta Hooda,Gastroenterology,Diagnostics
1206,Tarun Chakraborty,Dermatology,Rehab
1207,Siddharth Datta,Nephrology,Radiology
1208,Omkar Bajaj,Pulmonology,OPD
1209,Siddharth Jain,Gastroenterology,Radiology
1210,Madhav Goel,Orthopedics,Surgery
1211,Ajay Arora,Pulmonology,Rehab
1212,Divya Ray,Neurology,Emergency
1213,Anita Sharma,Neurology,Diagnostics
1214,Tina Chhabra,ENT,Surgery
1215,Omkar Yadav,Neurology,Diagnostics
1216,Sonia Choudhury,Dermatology,Surgery
1217,Trisha Rajput,Dermatology,Surgery
1218,Anmol Patel,Nephrology,OPD
1219,Tarun Srivastava,Pediatrics,Emergency
1220,Ishita Tyagi,Orthopedics,Diagnostics
1221,Lakshmi Das,Nephrology,Pathology
1222,Usha Ghosh,Pediatrics,Surgery
1223,Manoj Ahluwalia,Oncology,Surgery
1224,Lavanya Yadav,Dermatology,Rehab
1225,Hemant Bajaj,Cardiology,Radiology
1226,Kavita Kashyap,Orthopedics,OPD
1227,Sudha Tripathi,Dermatology,Rehab
1228,Usha Reddy,Pulmonology,Emergency
1229,Deepa Chhabra,Pediatrics,Emergency
1230,Bhavana Iyengar,Nephrology,Pathology
1231,Ashok Purohit,Pediatrics,Pathology
1232,Deepa Sandhu,Pediatrics,Radiology
1233,Santosh Chopra,ENT,Diagnostics
1234,Akhil Sandhu,ENT,Diagnostics
1235,Amol Saxena,Pediatrics,Surgery
1236,Shalini Khanna,Dermatology,Rehab
1237,Kiran Rajput,Cardiology,Rehab
1238,Rakesh Ray,Gastroenterology,Pathology
1239,Omkar Dasgupta,Nephrology,Emergency
1240,Harish Pillai,Nephrology,Radiology
1241,Chitra Patel,Oncology,Surgery
1242,Aparna Choudhury,Oncology,ICU
1243,Santosh Luthra,Oncology,OPD
1244,Yogesh Patel,Oncology,Surgery
1245,Kabir Mehta,Orthopedics,Rehab
1246,Rajiv Tripathi,Cardiology,OPD
1247,Sanjay Gupta,Orthopedics,Pathology
1248,Abhay Upadhyay,Neurology,OPD
1249,Sanjay Choudhury,ENT,Radiology
1250,Lata Dasgupta,Pediatrics,Pathology
1251,Sonia Juneja,Neurology,ICU
1252,Padma Murthy,Neurology,Surgery
1253,Harish Mookerjee,Oncology,Radiology
1254,Abhay Puri,Dermatology,Surgery
1255,Dev Chowdhury,Dermatology,ICU
1256,Lakshmi Naidu,Cardiology,Surgery
1257,Pallavi Sehgal,Dermatology,Diagnostics
1258,Meera Kashyap,Pediatrics,Radiology
1259,Suresh Jain,Cardiology,OPD
1260,Santosh Oberoi,Oncology,Diagnostics
1261,Sunita Pillai,Orthopedics,ICU
1262,Arvind Mishra,Neurology,Radiology
1263,Sonal Murthy,Neurology,Diagnostics
1264,Sameer Chopra,Cardiology,Pathology
1265,Sonia Bajaj,ENT,Surgery
1266,Bhavana Nigam,Dermatology,Pathology
1267,Priya Khan,Oncology,Surgery
1268,Siddharth Saxena,Neurology,Pathology
1269,Ramesh Sehgal,Pulmonology,Radiology
1270,Parveen Bajaj,Nephrology,Pathology
1271,Rajesh Purohit,Orthopedics,OPD
1272,Kabir Krishnan,Nephrology,ICU
1273,Anmol Sidhu,Cardiology,Pathology
1274,Arvind Patel,Pediatrics,Emergency
1275,Kiran Nambiar,Oncology,Emergency
1276,Aparna Rawat,Dermatology,OPD
1277,Sanjay Iyengar,Dermatology,OPD
1278,Divya Parashar,Orthopedics,Radiology
1279,Sonal Anand,Gastroenterology,Radiology
1280,Geeta Sethi,Orthopedics,Emergency
1281,Kabir Talwar,Oncology,Diagnostics
1282,Anil Mukherjee,Gastroenterology,OPD
1283,Divya Gupta,Cardiology,Surgery
1284,Sneha Rajput,Oncology,Pathology
1285,Lata Mookerjee,Pediatrics,Surgery
1286,Shalini Wadhwa,Pulmonology,Surgery
1287,Priya Parashar,Orthopedics,Diagnostics
1288,Santosh Chatterjee,Cardiology,ICU
1289,Tarun Gupta,Nephrology,Emergency
1290,Tarun Juneja,ENT,Diagnostics
1291,Ashok Khanna,Orthopedics,Pathology
1292,Geeta Deshmukh,Gastroenterology,ICU
1293,Ramesh Bajaj,ENT,OPD
1294,Padma Talwar,Cardiology,Surgery
1295,Rakesh Mukhopadhyay,Cardiology,Diagnostics
1296,Siddharth Gupta,Nephrology,Emergency
1297,Sanjay Menon,Dermatology,ICU
1298,Siddharth Nair,Dermatology,Pathology
1299,Swati Khan,Cardiology,Rehab
1300,Gaurav Mathur,Oncology,Surgery
1301,Gayatri Bansal,Dermatology,Pathology
1302,Kushal Goel,Pulmonology,Surgery
1303,Rita Chatterjee,Dermatology,Rehab
1304,Farhan Srivastava,Dermatology,Surgery
1305,Priya Iyer,Pulmonology,Pathology
1306,Rita Bose,Pulmonology,ICU
1307,Bhavna Rajput,Neurology,Radiology
1308,Sarita Swamy,Nephrology,Emergency
1309,Sonia Saluja,Pediatrics,Rehab
1310,Pallavi Gill,Orthopedics,OPD
1311,Bhavna Oberoi,Nephrology,Radiology
1312,Amol Menon,Gastroenterology,Emergency
1313,Farhan Iyengar,Nephrology,Surgery
1314,Ruchi Goel,Dermatology,Emergency
1315,Harini Malhotra,Neurology,Radiology
1316,Sunita Chakraborty,Nephrology,Surgery
1317,Trisha Rangnathan,Dermatology,Surgery
1318,Abhay Nair,Cardiology,Emergency
1319,Naveen Grover,Cardiology,Surgery
1320,Tina Gupta,Cardiology,ICU
1321,Madhav Mehta,Pediatrics,Surgery
1322,Kushal Dasgupta,Pediatrics,Rehab
1323,Rajat Aggarwal,Gastroenterology,Diagnostics
1324,Shreya Anand,Orthopedics,Surgery
1325,Deepa Murthy,Pediatrics,Emergency
1326,Arun Ghosh,Pulmonology,Rehab
1327,Saira Sandhu,Orthopedics,ICU
1328,Ananya Kashyap,Nephrology,ICU
1329,Abhay Sen,Nephrology,Diagnostics
1330,Tina Saluja,Oncology,ICU
1331,Akhil Rao,Cardiology,Radiology
1332,Sneha Nambiar,Pediatrics,Rehab
1333,Ruchi Mehta,Nephrology,Rehab
1334,Ashok Yadav,Pulmonology,Emergency
1335,Geeta Kashyap,Pulmonology,Emergency
1336,Ananya Deshmukh,Oncology,ICU
1337,Parveen Rawat,Cardiology,Emergency
1338,Lakshmi Guha,Pulmonology,Surgery
1339,Sneha Bhat,ENT,Pathology
1340,Veena Sen,Oncology,Surgery
1341,Sudha Hooda,Nephrology,Surgery
1342,Sudha Kapoor,Nephrology,Emergency
1343,Anita Bhattacharya,Neurology,Surgery
1344,Harish Saxena,Nephrology,ICU
1345,Krishna Rao,Dermatology,Radiology
1346,Amol Tiwari,Oncology,Emergency
1347,Akhil Naidu,Cardiology,Rehab
1348,Ajay Mukherjee,Dermatology,Radiology
1349,Lata Dutta,Oncology,Pathology
1350,Anmol Saxena,Nephrology,OPD
1351,Ashok Iyengar,Neurology,Surgery
1352,Ajay Oberoi,ENT,ICU
1353,Amol Tandon,Pulmonology,OPD
1354,Kabir Menon,Pediatrics,Emergency
1355,Smita Dasgupta,Cardiology,Radiology
1356,Pallavi Srivastava,Dermatology,Rehab
1357,Seema Chatterjee,Gastroenterology,Radiology
1358,Rakesh Kashyap,ENT,Radiology
1359,Harini Reddy,Cardiology,Emergency
1360,Arun Saluja,Orthopedics,OPD
1361,Neha Tripathi,Neurology,Surgery
1362,Krishna Srivastava,Nephrology,Diagnostics
1363,Ishita Rao,Pulmonology,OPD
1364,Lata Chowdhury,ENT,OPD
1365,Ashok Tyagi,Dermatology,Diagnostics
1366,Neha Bahl,Pediatrics,ICU
1367,Rahul Chatterjee,Orthopedics,Radiology
1368,Vikram Shetty,Neurology,Pathology
1369,Pallavi Kashyap,Pediatrics,Radiology
1370,Swati Khanna,Cardiology,Emergency
1371,Rajiv Patel,Cardiology,Diagnostics
1372,Kabir Kohli,Pulmonology,ICU
1373,Veena Shetty,Pediatrics,ICU
1374,Sudha Dubey,Oncology,Pathology
1375,Shreya Luthra,Dermatology,Pathology
1376,Yogesh Tyagi,Pulmonology,Diagnostics
1377,Bhavna Mishra,Gastroenterology,Diagnostics
1378,Mukul Chauhan,Dermatology,Pathology
1379,Bhavana Das,Cardiology,Emergency
1380,Monika Thakur,Neurology,Surgery
1381,Prakash Ghosh,Neurology,Radiology
1382,Ajay Kohli,Neurology,Pathology
1383,Indira Das,Dermatology,OPD
1384,Usha Pillai,Dermatology,Radiology
1385,Veena Tyagi,Orthopedics,OPD
1386,Neha Tiwari,Pulmonology,Surgery
1387,Sameer Tiwari,Cardiology,Radiology
1388,Rita Bansal,Oncology,Pathology
1389,Aditya Banerjee,Neurology,Surgery
1390,Indira Chowdhury,Orthopedics,Emergency
1391,Rajiv Sehgal,Neurology,Emergency
1392,Ruchi Bhattacharya,ENT,Rehab
1393,Naveen Gill,Oncology,Radiology
1394,Veena Bansal,Pediatrics,OPD
1395,Kartik Anand,Orthopedics,OPD
1396,Ramesh Menon,Neurology,Pathology
1397,Saira Goel,Orthopedics,Radiology
1398,Aparna Bose,Nephrology,Emergency
1399,Shreya Choudhury,Neurology,Pathology
1400,Monika Patel,Pediatrics,Radiology
1401,Anil Mukhopadhyay,Nephrology,Surgery
1402,Sudha Talwar,Cardiology,OPD
1403,Tina Ahluwalia,Pulmonology,Pathology
1404,Ananya Chauhan,Pediatrics,Radiology
1405,Vinita Grover,Neurology,ICU
1406,Aditya Tiwari,Dermatology,Radiology
1407,Ajay Khanna,Pediatrics,Surgery
1408,Rajat Kashyap,Gastroenterology,ICU
1409,Aparna Bahl,Gastroenterology,Emergency
1410,Meera Saluja,Pediatrics,Rehab
1411,Aditya Luthra,Oncology,OPD
1412,Aparna Menon,Pediatrics,Rehab
1413,Suresh Nambiar,Pediatrics,Rehab
1414,Deepa Mishra,Pediatrics,OPD
1415,Sneha Pandey,Pulmonology,Radiology
1416,Nandini Yadav,Dermatology,Diagnostics
1417,Pallavi Iyer,Pulmonology,Radiology
1418,Padmini Iyer,Dermatology,Emergency
1419,Parveen Arora,Pulmonology,Rehab
1420,Abhay Gill,ENT,Surgery
1421,Anita Hooda,Oncology,Emergency
1422,Smita Goel,Cardiology,Surgery
1423,Chandan Naidu,ENT,Surgery
1424,Siddharth Dubey,Neurology,Radiology
1425,Vikram Mukherjee,Oncology,Pathology
1426,Kavita Bhatt,Gastroenterology,Diagnostics
1427,Anil Choudhury,Pediatrics,Emergency
1428,Geeta Yadav,Pulmonology,OPD
1429,Kiran Sharma,ENT,Emergency
1430,Rakesh Chauhan,Dermatology,Rehab
1431,Divya Tiwari,Pediatrics,Diagnostics
1432,Priya Puri,ENT,OPD
1433,Rajat Deshmukh,Pediatrics,Emergency
1434,Ramesh Grover,Gastroenterology,Pathology
1435,Akhil Goel,Oncology,OPD
1436,Lavanya Chowdhury,Pulmonology,Pathology
1437,Krishna Roy,Neurology,ICU
1438,Rohit Murthy,Pulmonology,Pathology
1439,Geeta Joshi,Oncology,Surgery
1440,Rajiv Luthra,Dermatology,Surgery
1441,Ramesh Dutta,Pediatrics,Diagnostics
1442,Farhan Singh,Cardiology,Emergency
1443,Shyam Bajaj,Nephrology,Surgery
1444,Alok Pillai,Cardiology,OPD
1445,Sonal Srivastava,Gastroenterology,Rehab
1446,Rita Saxena,Cardiology,Emergency
1447,Chandan Sidhu,Nephrology,Rehab
1448,Rakesh Tiwari,ENT,Radiology
1449,Amit Mukhopadhyay,Neurology,ICU
1450,Smita Bhat,Dermatology,Diagnostics
1451,Anil Datta,Dermatology,Diagnostics
1452,Varun Juneja,Cardiology,Radiology
1453,Sonia Srivastava,Pulmonology,OPD
1454,Ishita Thakur,Pediatrics,OPD
1455,Ishita Roy,Orthopedics,OPD
1456,Divya Kohli,Gastroenterology,Emergency
1457,Arvind Ray,ENT,OPD
1458,Meera Choudhury,Pulmonology,Surgery
1459,Priya Chatterjee,Gastroenterology,Rehab
1460,Tina Das,Neurology,Emergency
1461,Anita Tripathi,Neurology,OPD
1462,Anil Rao,Nephrology,Radiology
1463,Ananya Grover,Oncology,Radiology
1464,Mukul Patel,Oncology,Diagnostics
1465,Parveen Dubey,Neurology,Radiology
1466,Varun Jain,Orthopedics,Diagnostics
1467,Mahesh Malhotra,Cardiology,Radiology
1468,Rajiv Nigam,ENT,Rehab
1469,Abhay Iyer,Nephrology,ICU
1470,Kiran Chatterjee,Oncology,Surgery
1471,Sonal Menon,ENT,ICU
1472,Rahul Oberoi,Dermatology,Pathology
1473,Tarun Saxena,Pulmonology,OPD
1474,Harini Srivastava,Nephrology,Rehab
1475,Sarita Chauhan,Pediatrics,ICU
1476,Rajat Mookerjee,Dermatology,Rehab
1477,Anmol Rawat,Cardiology,Diagnostics
1478,Sudha Kashyap,Oncology,Radiology
1479,Manoj Sen,Orthopedics,Surgery
1480,Pooja Juneja,Dermatology,Surgery
1481,Akhil Mehta,Oncology,OPD
1482,Dev Rangnathan,Pulmonology,Rehab
1483,Sunita Naidu,Dermatology,Radiology
1484,Sarita Ghosh,Nephrology,Rehab
1485,Harish Kashyap,Orthopedics,Rehab
1486,Vikram Khan,Gastroenterology,OPD
1487,Kavita Chauhan,Pediatrics,Radiology
1488,Dinesh Das,Orthopedics,Surgery
1489,Sonia Dutta,Oncology,ICU
1490,Padmini Mookerjee,Pulmonology,Radiology
1491,Ritu Mukhopadhyay,Orthopedics,Diagnostics
1492,Meera Thakur,Orthopedics,Emergency
1493,Ashok Arora,Cardiology,OPD
1494,Meera Chakraborty,Orthopedics,Emergency
1495,Rajat Sharma,Neurology,OPD
1496,Kabir Anand,Cardiology,Pathology
1497,Priya Mukherjee,Neurology,OPD
1498,Bhavna Choudhury,Pulmonology,Surgery
1499,Hemant Gupta,Nephrology,Diagnostics
1500,Anita Tyagi,Oncology,Emergency
1501,Rita Rawat,ENT,Diagnostics
1502,Ramesh Singh,Gastroenterology,Radiology
1503,Lakshmi Luthra,Orthopedics,Radiology
1504,Krishna Chhabra,Nephrology,Pathology
1505,Tina Kohli,Oncology,ICU
1506,Ashok Guha,Nephrology,OPD
1507,Chitra Subramanian,Orthopedics,Rehab
1508,Akhil Ahluwalia,Pulmonology,Diagnostics
1509,Naveen Menon,Dermatology,Pathology
1510,Rajesh Chopra,Pediatrics,Emergency
1511,Gaurav Dutta,Neurology,Radiology
1512,Suresh Chakraborty,Neurology,OPD
1513,Harish Nambiar,ENT,Pathology
1514,Pallavi Dasgupta,Pediatrics,Rehab
1515,Ajay Bahl,Pediatrics,Radiology
1516,Sarita Bose,Pulmonology,Emergency
1517,Prakash Sood,Gastroenterology,Radiology
1518,Anita Mishra,Dermatology,Emergency
1519,Mahesh Anand,Nephrology,Emergency
1520,Farhan Kashyap,Dermatology,ICU
1521,Abhay Mukherjee,Cardiology,Pathology
1522,Preeti Joshi,Dermatology,Diagnostics
1523,Vikram Sood,Pulmonology,OPD
1524,Alok Bhattacharya,Pediatrics,Surgery
1525,Rita Patel,Dermatology,Rehab
1526,Krishna Jain,Oncology,ICU
1527,Swati Chauhan,Neurology,Surgery
1528,Mukul Malhotra,ENT,Rehab
1529,Aditya Sandhu,Nephrology,Emergency
1530,Hemant Yadav,Dermatology,Surgery
1531,Rita Saluja,Orthopedics,Diagnostics
1532,Manoj Kapoor,Nephrology,Emergency
1533,Arun Thakur,Cardiology,Surgery
1534,Mukul Tripathi,Pediatrics,Diagnostics
1535,Bhavna Tyagi,ENT,Diagnostics
1536,Ajay Iyengar,Neurology,OPD
1537,Veena Rajput,Cardiology,Emergency
1538,Bhavana Nambiar,Neurology,Radiology
1539,Arvind Purohit,Pulmonology,Radiology
1540,Neha Kulkarni,Orthopedics,Radiology
1541,Vikram Chopra,Orthopedics,Diagnostics
1542,Rajesh Subramanian,Oncology,OPD
1543,Rohit Chopra,Nephrology,Radiology
1544,Kiran Choudhury,Pulmonology,Diagnostics
1545,Deepa Tyagi,Neurology,OPD
1546,Arun Rawat,ENT,OPD
1547,Mukul Sehgal,Dermatology,Emergency
1548,Aparna Kohli,ENT,Rehab
1549,Chandan Grover,Orthopedics,Rehab
1550,Nandini Chakraborty,Nephrology,Pathology
1551,Rekha Menon,Gastroenterology,OPD
1552,Shyam Krishnan,Dermatology,OPD
1553,Padma Ahluwalia,Nephrology,Emergency
1554,Vikram Subramanian,Cardiology,OPD
1555,Mahesh Aggarwal,Pediatrics,Radiology
1556,Siddharth Rawat,Neurology,Pathology
1557,Kabir Dutta,Neurology,Surgery
1558,Ruchi Deshmukh,ENT,Surgery
1559,Swati Roy,Neurology,Surgery
1560,Rita Ahluwalia,Nephrology,Pathology
1561,Sonia Chatterjee,Orthopedics,Radiology
1562,Pooja Srivastava,Nephrology,OPD
1563,Sarita Bhatt,Dermatology,Rehab
1564,Neha Krishnan,Orthopedics,Surgery
1565,Rajiv Ray,Nephrology,Rehab
1566,Harini Kapoor,ENT,ICU
1567,Arvind Naidu,Cardiology,Emergency
1568,Lakshmi Sehgal,Gastroenterology,Rehab
1569,Tina Khanna,Cardiology,Radiology
1570,Bhavna Kohli,ENT,Diagnostics
1571,Divya Jain,ENT,Rehab
1572,Pallavi Arora,Cardiology,Diagnostics
1573,Neha Luthra,ENT,Diagnostics
1574,Anil Kulkarni,Gastroenterology,Emergency
1575,Saira Chopra,Pediatrics,Rehab
1576,Preeti Srivastava,Nephrology,Emergency
1577,Vinita Singh,Gastroenterology,Surgery
1578,Sonia Gill,ENT,Surgery
1579,Aditya Chauhan,Pediatrics,OPD
1580,Rohit Yadav,Orthopedics,Emergency
1581,Anmol Ray,Pediatrics,Radiology
1582,Abhay Roy,Pediatrics,Rehab
1583,Sonia Goel,Nephrology,Pathology
1584,Vivek Bahl,Oncology,Pathology
1585,Ruchi Juneja,Dermatology,OPD
1586,Sarita Saxena,Pulmonology,Diagnostics
1587,Seema Saxena,Orthopedics,Pathology
1588,Rekha Deshmukh,ENT,Surgery
1589,Rohit Oberoi,Oncology,Pathology
1590,Monika Rawat,Neurology,ICU
1591,Nandini Nair,Gastroenterology,ICU
1592,Rajiv Nair,Nephrology,OPD
1593,Sarita Das,Neurology,Radiology
1594,Kabir Bhat,Pulmonology,Rehab
1595,Ishita Saluja,Gastroenterology,OPD
1596,Ramesh Shetty,Pediatrics,OPD
1597,Tina Chatterjee,Oncology,Emergency
1598,Sudha Oberoi,Pediatrics,Radiology
1599,Vikram Kohli,Pediatrics,Emergency
1600,Sanjay Mehta,Pediatrics,Emergency
1601,Padmini Menon,Pulmonology,Radiology
1602,Gayatri Chakraborty,ENT,Pathology
1603,Vinita Pandey,Oncology,Pathology
1604,Monika Malhotra,Cardiology,ICU
1605,Chitra Chatterjee,Dermatology,OPD
1606,Hemant Saluja,ENT,OPD
1607,Rajiv Kulkarni,Gastroenterology,Surgery
1608,Prakash Tandon,Neurology,OPD
1609,Deepa Ray,Cardiology,Rehab
1610,Meera Iyer,Cardiology,Surgery
1611,Vikram Bhatt,Oncology,Emergency
1612,Sneha Ghosh,Pediatrics,ICU
1613,Lavanya Chopra,Nephrology,Diagnostics
1614,Sonal Puri,Cardiology,Radiology
1615,Lata Choudhury,Pediatrics,Rehab
1616,Harish Bahl,Dermatology,OPD
1617,Lavanya Joshi,Oncology,Surgery
1618,Ruchi Aggarwal,Nephrology,ICU
1619,Bhavana Chatterjee,ENT,Radiology
1620,Kushal Verma,Oncology,Emergency
1621,Omkar Mukherjee,Oncology,Surgery
1622,Madhav Dutta,Orthopedics,Surgery
1623,Priya Purohit,ENT,Diagnostics
1624,Krishna Kapoor,Nephrology,Radiology
1625,Dinesh Mishra,Oncology,Pathology
1626,Kushal Tyagi,Nephrology,ICU
1627,Mukul Sidhu,Gastroenterology,ICU
1628,Lavanya Murthy,Orthopedics,ICU
1629,Varun Mookerjee,ENT,Diagnostics
1630,Yogesh Mukhopadhyay,Oncology,OPD
1631,Chitra Bansal,Oncology,Surgery
1632,Sonia Tiwari,ENT,OPD
1633,Kushal Chowdhury,Neurology,Diagnostics
1634,Parveen Sharma,Dermatology,Emergency
1635,Chandan Chopra,Dermatology,ICU
1636,Manoj Sidhu,Oncology,OPD
1637,Prakash Yadav,Pediatrics,Surgery
1638,Shyam Bose,Dermatology,Diagnostics
1639,Geeta Malhotra,Cardiology,Rehab
1640,Vivek Hooda,Oncology,Surgery
1641,Lata Kohli,Oncology,Diagnostics
1642,Abhay Anand,Gastroenterology,Pathology
1643,Rajesh Khan,Neurology,Radiology
1644,Rita Khan,Cardiology,Surgery
1645,Deepa Guha,Nephrology,Radiology
1646,Rakesh Grover,Pediatrics,Pathology
1647,Vinita Banerjee,Pediatrics,Surgery
1648,Gaurav Puri,Nephrology,Radiology
1649,Shyam Bahl,Oncology,Emergency
1650,Swati Swamy,Dermatology,Pathology
1651,Lakshmi Murthy,Gastroenterology,OPD
1652,Dinesh Talwar,Pulmonology,Emergency
1653,Ishita Mukherjee,Pediatrics,Diagnostics
1654,Rajat Reddy,Dermatology,Radiology
1655,Harish Swamy,Pulmonology,ICU
1656,Shreya Grover,Cardiology,Radiology
1657,Naveen Das,Neurology,Surgery
1658,Ritu Puri,ENT,Pathology
1659,Gayatri Mukherjee,Gastroenterology,ICU
1660,Lavanya Mukherjee,Neurology,Radiology
1661,Aparna Bhat,Cardiology,Surgery
1662,Yogesh Mathur,Pediatrics,Surgery
1663,Akhil Kashyap,Oncology,ICU
1664,Ritu Bhattacharya,Nephrology,Pathology
1665,Krishna Sethi,Cardiology,OPD
1666,Charu Pandey,Orthopedics,ICU
1667,Chandan Chauhan,Neurology,Surgery
1668,Rohit Nair,Nephrology,ICU
1669,Amol Mookerjee,Dermatology,ICU
1670,Kabir Rao,Neurology,Emergency
1671,Ananya Juneja,Cardiology,OPD
1672,Trisha Chakraborty,Neurology,Emergency
1673,Sonal Dutta,Pulmonology,ICU
1674,Rekha Grover,Pediatrics,Pathology
1675,Ajay Tripathi,Cardiology,Diagnostics
1676,Rajiv Bhat,Orthopedics,Rehab
1677,Seema Nigam,Oncology,Surgery
1678,Rahul Kohli,Gastroenterology,ICU
1679,Krishna Menon,Orthopedics,OPD
1680,Parveen Luthra,Oncology,ICU
1681,Hemant Mehta,Pediatrics,Radiology
1682,Kiran Mehta,Pulmonology,Radiology
1683,Tina Swamy,Orthopedics,ICU
1684,Santosh Yadav,Cardiology,Diagnostics
1685,Veena Arora,Cardiology,OPD
1686,Chitra Khan,Cardiology,Rehab
1687,Vinita Sehgal,Dermatology,Rehab
1688,Kabir Bhatt,Dermatology,Radiology
1689,Mukul Reddy,Orthopedics,Rehab
1690,Farhan Anand,Cardiology,Diagnostics
1691,Divya Nair,Neurology,Surgery
1692,Sunita Krishnan,Pulmonology,Radiology
1693,Hemant Tandon,Neurology,OPD
1694,Siddharth Pillai,Gastroenterology,Rehab
1695,Bhavna Anand,Oncology,OPD
1696,Trisha Khanna,Oncology,ICU
1697,Lata Ahluwalia,Pediatrics,Emergency
1698,Anil Verma,ENT,Rehab
1699,Vikram Grover,Dermatology,Rehab
1700,Tina Mathur,Neurology,Radiology
1701,Smita Kashyap,Pulmonology,ICU
1702,Rajesh Sood,Pediatrics,Radiology
1703,Alok Dasgupta,Nephrology,Surgery
1704,Lata Tiwari,Cardiology,Radiology
1705,Bhavna Mathur,Nephrology,Rehab
1706,Sneha Singh,Gastroenterology,OPD
1707,Arvind Chowdhury,Pulmonology,ICU
1708,Anmol Chhabra,Dermatology,OPD
1709,Ajay Bhatt,Neurology,Diagnostics
1710,Veena Banerjee,ENT,Diagnostics
1711,Anil Tandon,Cardiology,Diagnostics
1712,Seema Malhotra,Orthopedics,Rehab
1713,Dev Mukhopadhyay,Pulmonology,Emergency
1714,Lavanya Khanna,Pulmonology,Emergency
1715,Neha Chauhan,Oncology,Rehab
1716,Rohit Chowdhury,Dermatology,ICU
1717,Sonal Talwar,Pediatrics,Diagnostics
1718,Aparna Parashar,Nephrology,Pathology
1719,Padma Yadav,ENT,Diagnostics
1720,Smita Bhatt,Orthopedics,ICU
1721,Siddharth Ghosh,ENT,Emergency
1722,Sunita Rajput,Pediatrics,Pathology
1723,Yogesh Kohli,Cardiology,Pathology
1724,Veena Puri,Cardiology,Radiology
1725,Prakash Anand,Dermatology,Diagnostics
1726,Madhav Pathak,ENT,Emergency
1727,Ritu Bose,Dermatology,Surgery
1728,Sanjay Parashar,Orthopedics,Diagnostics
1729,Rohit Krishnan,Dermatology,Rehab
1730,Geeta Dasgupta,Pulmonology,Rehab
1731,Alok Mehta,Orthopedics,Radiology
1732,Ashok Wadhwa,Neurology,Surgery
1733,Anmol Gupta,Gastroenterology,Emergency
1734,Lakshmi Iyengar,Cardiology,Rehab
1735,Rajat Bhatt,Oncology,Emergency
1736,Farhan Oberoi,Oncology,Diagnostics
1737,Padmini Khanna,Dermatology,ICU
1738,Ashok Dutta,Pulmonology,OPD
1739,Suresh Grover,Gastroenterology,Diagnostics
1740,Alok Upadhyay,Pulmonology,OPD
1741,Arvind Saluja,Nephrology,Rehab
1742,Amit Oberoi,ENT,Radiology
1743,Arun Guha,Pediatrics,Diagnostics
1744,Ruchi Parashar,Orthopedics,Pathology
1745,Shalini Dutta,Oncology,Rehab
1746,Pooja Gupta,Cardiology,Pathology
1747,Seema Yadav,Pulmonology,OPD
1748,Pallavi Sharma,Orthopedics,Diagnostics
1749,Monika Anand,Gastroenterology,Rehab
1750,Pooja Swamy,Orthopedics,Diagnostics
1751,Rajesh Bose,Pulmonology,Rehab
1752,Suresh Parashar,Nephrology,Surgery
1753,Rakesh Shetty,Dermatology,Emergency
1754,Pooja Tripathi,Gastroenterology,Rehab
1755,Tarun Gill,Pediatrics,Rehab
1756,Ashok Roy,Pediatrics,Emergency
1757,Rajat Shetty,Cardiology,Radiology
1758,Ashok Swamy,Pediatrics,Rehab
1759,Ritu Anand,Pulmonology,Diagnostics
1760,Rahul Menon,Orthopedics,Diagnostics
1761,Yogesh Thakur,Pediatrics,Diagnostics
1762,Lakshmi Saxena,Gastroenterology,Radiology
1763,Preeti Rawat,Oncology,Radiology
1764,Neha Bhatt,Oncology,Surgery
1765,Monika Parashar,Dermatology,Emergency
1766,Hemant Nair,Neurology,Diagnostics
1767,Lavanya Goel,Gastroenterology,ICU
1768,Sudha Murthy,Gastroenterology,Diagnostics
1769,Shreya Upadhyay,Neurology,Diagnostics
1770,Sonal Kulkarni,Oncology,Radiology
1771,Monika Bose,Gastroenterology,Radiology
1772,Sunita Nair,Orthopedics,Diagnostics
1773,Anil Sood,Gastroenterology,Radiology
1774,Indira Mukhopadhyay,Oncology,Diagnostics
1775,Tina Srivastava,Oncology,Emergency
1776,Bhavna Das,Oncology,Rehab
1777,Omkar Chauhan,ENT,Emergency
1778,Anita Sehgal,Cardiology,Emergency
1779,Rajesh Chhabra,Orthopedics,Rehab
1780,Shreya Rangnathan,Pulmonology,Rehab
1781,Santosh Arora,Nephrology,Diagnostics
1782,Sneha Anand,ENT,Radiology
1783,Alok Chauhan,Dermatology,Diagnostics
1784,Amol Menon,Pulmonology,ICU
1785,Kiran Menon,Nephrology,Emergency
1786,Kabir Gupta,Neurology,ICU
1787,Nisha Pathak,Neurology,Emergency
1788,Padmini Talwar,Dermatology,Radiology
1789,Rahul Menon,Cardiology,OPD
1790,Ashok Tiwari,Oncology,Surgery
1791,Alok Ray,ENT,OPD
1792,Aparna Mishra,Pulmonology,Emergency
1793,Shyam Iyengar,Gastroenterology,Radiology
1794,Tarun Tyagi,Pediatrics,Rehab
1795,Ritu Swamy,ENT,Diagnostics
1796,Sanjay Mookerjee,Orthopedics,Pathology
1797,Amit Saluja,Nephrology,Diagnostics
1798,Krishna Mukherjee,Dermatology,Diagnostics
1799,Arun Iyengar,Oncology,Emergency
1800,Kavita Chhabra,Cardiology,Rehab
1801,Siddharth Yadav,Pulmonology,Rehab
1802,Chandan Saluja,Dermatology,ICU
1803,Tina Murthy,Pediatrics,Surgery
1804,Varun Nair,Pediatrics,Rehab
1805,Rajat Pandey,Pediatrics,Diagnostics
1806,Rajiv Guha,Cardiology,Emergency
1807,Anita Mathur,Pediatrics,Radiology
1808,Amol Mukherjee,Nephrology,Surgery
1809,Anita Ahluwalia,Gastroenterology,Emergency
1810,Kushal Kohli,Orthopedics,ICU
1811,Vinita Ray,Neurology,Pathology
1812,Mukul Subramanian,Dermatology,Rehab
1813,Prakash Kapoor,ENT,Pathology
1814,Gaurav Yadav,Neurology,Diagnostics
1815,Krishna Pathak,Oncology,Rehab
1816,Rajat Goel,ENT,Emergency
1817,Indira Mishra,Oncology,ICU
1818,Usha Datta,Pulmonology,Surgery
1819,Kushal Aggarwal,Pulmonology,OPD
1820,Smita Mookerjee,Dermatology,Radiology
1821,Dev Kulkarni,ENT,Rehab
1822,Pallavi Chatterjee,Pediatrics,ICU
1823,Rajat Bhat,Dermatology,Rehab
1824,Manoj Tiwari,ENT,Emergency
1825,Tina Saxena,Dermatology,ICU
1826,Kavita Choudhury,Nephrology,Radiology
1827,Neha Kohli,Oncology,Radiology
1828,Hemant Nigam,Pulmonology,Radiology
1829,Tina Wadhwa,Dermatology,Pathology
1830,Padmini Tripathi,Pediatrics,Rehab
1831,Gaurav Ghosh,Orthopedics,Pathology
1832,Madhav Purohit,Orthopedics,Diagnostics
1833,Trisha Chatterjee,Gastroenterology,Surgery
1834,Amol Sehgal,ENT,Emergency
1835,Vikram Jain,Nephrology,ICU
1836,Lakshmi Sood,Neurology,Rehab
1837,Nandini Mathur,Gastroenterology,Pathology
1838,Rohit Rawat,Nephrology,OPD
1839,Gayatri Rawat,Dermatology,OPD
1840,Vikram Sharma,Nephrology,Radiology
1841,Saira Chatterjee,Cardiology,Diagnostics
1842,Aparna Chatterjee,Pulmonology,Radiology
1843,Ramesh Kapoor,ENT,OPD
1844,Alok Kulkarni,Cardiology,Surgery
1845,Vinita Rawat,Neurology,Rehab
1846,Tina Malhotra,Oncology,Radiology
1847,Dinesh Bhattacharya,ENT,Surgery
1848,Divya Kashyap,Nephrology,Surgery
1849,Manoj Juneja,Gastroenterology,Emergency
1850,Tina Verma,Gastroenterology,Emergency
1851,Preeti Krishnan,Gastroenterology,ICU
1852,Monika Jain,Neurology,OPD
1853,Sneha Sandhu,Dermatology,Radiology
1854,Rahul Sethi,Pulmonology,Emergency
1855,Charu Mehta,Orthopedics,Emergency
1856,Pallavi Bhatt,Gastroenterology,Rehab
1857,Shreya Datta,Gastroenterology,ICU
1858,Padma Saluja,Pulmonology,Emergency
1859,Chitra Kohli,Dermatology,Rehab
1860,Vinita Mishra,Pediatrics,OPD
1861,Usha Sood,Orthopedics,Pathology
1862,Bhavana Tiwari,Neurology,Surgery
1863,Sudha Saxena,Orthopedics,Emergency
1864,Gaurav Pathak,Gastroenterology,Rehab
1865,Shreya Roy,Orthopedics,Surgery
1866,Arvind Reddy,Orthopedics,Diagnostics
1867,Naveen Upadhyay,Pediatrics,Emergency
1868,Siddharth Kashyap,Pediatrics,Pathology
1869,Sudha Chauhan,Nephrology,Emergency
1870,Divya Bahl,Pulmonology,Emergency
1871,Vinita Kapoor,Nephrology,Diagnostics
1872,Lata Iyer,Gastroenterology,Emergency
1873,Kavita Gupta,Oncology,Surgery
1874,Madhav Tripathi,Pediatrics,Radiology
1875,Divya Bajaj,Pediatrics,Rehab
1876,Suresh Iyer,Cardiology,Radiology
1877,Abhay Nigam,Neurology,ICU
1878,Hemant Bahl,Dermatology,Rehab
1879,Trisha Bansal,Cardiology,Rehab
1880,Pooja Khan,Cardiology,Surgery
1881,Chitra Saxena,Oncology,Diagnostics
1882,Pooja Oberoi,Nephrology,Pathology
1883,Kushal Sethi,Pulmonology,Emergency
1884,Naveen Nambiar,Oncology,Pathology
1885,Usha Iyengar,Oncology,Pathology
1886,Divya Menon,Pediatrics,Diagnostics
1887,Santosh Tyagi,Neurology,Radiology
1888,Santosh Gupta,Gastroenterology,Pathology
1889,Suresh Krishnan,Dermatology,Emergency
1890,Amit Shetty,Nephrology,OPD
1891,Tina Pandey,Dermatology,Surgery
1892,Rajat Rao,Oncology,Rehab
1893,Meera Bhatt,Pulmonology,Surgery
1894,Pooja Das,Neurology,Surgery
1895,Tina Oberoi,Pediatrics,Radiology
1896,Pallavi Jain,Orthopedics,Radiology
1897,Monika Rao,Dermatology,ICU
1898,Arun Oberoi,Pulmonology,OPD
1899,Amol Gupta,Gastroenterology,Radiology
1900,Rajiv Dutta,Pediatrics,ICU
1901,Kartik Mookerjee,Cardiology,Radiology
1902,Trisha Mookerjee,Neurology,Rehab
1903,Chitra Chakraborty,Dermatology,Surgery
1904,Bhavna Sandhu,Pulmonology,Surgery
1905,Sonia Parashar,Nephrology,OPD
1906,Kiran Murthy,Oncology,ICU
1907,Sarita Nair,Oncology,Surgery
1908,Rita Kapoor,Gastroenterology,Emergency
1909,Prakash Ray,Pediatrics,ICU
1910,Nandini Puri,Pulmonology,ICU
1911,Sanjay Tyagi,Oncology,ICU
1912,Charu Ray,ENT,ICU
1913,Omkar Bhat,ENT,Emergency
1914,Lavanya Shetty,Orthopedics,OPD
1915,Shalini Jain,Oncology,OPD
1916,Priya Mukhopadhyay,Neurology,Diagnostics
1917,Yogesh Chakraborty,Oncology,ICU
1918,Shreya Chopra,Nephrology,Diagnostics
1919,Geeta Talwar,Cardiology,Diagnostics
1920,Prakash Kohli,Pediatrics,Pathology
1921,Nisha Mishra,Dermatology,Radiology
1922,Rajesh Nair,Dermatology,Emergency
1923,Vivek Mishra,Cardiology,Pathology
1924,Vivek Verma,Orthopedics,OPD
1925,Varun Mathur,Neurology,ICU
1926,Rajat Murthy,Gastroenterology,Surgery
1927,Ishita Singh,Cardiology,Emergency
1928,Indira Malhotra,Nephrology,Surgery
1929,Sarita Thakur,Pulmonology,Rehab
1930,Anmol Mukhopadhyay,Dermatology,Emergency
1931,Mukul Ahluwalia,Gastroenterology,OPD
1932,Veena Mookerjee,Dermatology,OPD
1933,Anita Khanna,Pulmonology,Pathology
1934,Sonia Purohit,Oncology,Diagnostics
1935,Kartik Dasgupta,Oncology,Surgery
1936,Chandan Mishra,Oncology,Diagnostics
1937,Arun Dasgupta,Pulmonology,Radiology
1938,Yogesh Murthy,Orthopedics,OPD
1939,Vivek Chauhan,ENT,ICU
1940,Arvind Puri,ENT,OPD
1941,Amol Rangnathan,Oncology,Rehab
1942,Prakash Pandey,Dermatology,OPD
1943,Gaurav Dubey,Nephrology,Rehab
1944,Monika Bajaj,Pulmonology,Pathology
1945,Naveen Goel,Cardiology,ICU
1946,Geeta Pathak,Neurology,ICU
1947,Ruchi Arora,Dermatology,Surgery
1948,Lata Gupta,ENT,Pathology
1949,Anmol Shetty,ENT,Emergency
1950,Sarita Tiwari,Cardiology,Rehab
1951,Smita Deshmukh,ENT,Emergency
1952,Omkar Khanna,Cardiology,Emergency
1953,Divya Dutta,Orthopedics,ICU
1954,Shalini Aggarwal,Oncology,Emergency
1955,Kavita Chatterjee,Gastroenterology,Surgery
1956,Santosh Saxena,Gastroenterology,Rehab
1957,Krishna Rajput,Oncology,Surgery
1958,Seema Hooda,Cardiology,ICU
1959,Alok Bhatt,Neurology,OPD
1960,Sameer Sethi,Gastroenterology,Diagnostics
1961,Vinita Ghosh,Dermatology,Pathology
1962,Omkar Grover,Orthopedics,Radiology
1963,Vivek Iyer,Nephrology,Radiology
1964,Sarita Sidhu,Nephrology,Pathology
1965,Nandini Hooda,Gastroenterology,Rehab
1966,Bhavana Bhatt,Dermatology,OPD
1967,Nandini Datta,ENT,Rehab
1968,Shalini Pillai,Dermatology,Pathology
1969,Sonia Tripathi,Dermatology,ICU
1970,Smita Mukherjee,Oncology,OPD
1971,Kabir Saxena,Dermatology,Diagnostics
1972,Rajesh Anand,ENT,ICU
1973,Sonia Sandhu,Neurology,ICU
1974,Anil Nambiar,ENT,ICU
1975,Mahesh Nambiar,Pulmonology,Rehab
1976,Prakash Tripathi,Orthopedics,Rehab
1977,Shalini Purohit,Oncology,Pathology
1978,Sonal Luthra,Orthopedics,Surgery
1979,Kiran Krishnan,Pediatrics,Diagnostics
1980,Akhil Tripathi,Orthopedics,Emergency
1981,Parveen Wadhwa,Neurology,Rehab
1982,Vikram Patel,Orthopedics,OPD
1983,Amit Malhotra,Nephrology,Diagnostics
1984,Gaurav Oberoi,Pulmonology,Radiology
1985,Shreya Mukhopadhyay,Nephrology,Emergency
1986,Ajay Hooda,Cardiology,OPD
1987,Ritu Menon,Cardiology,Surgery
1988,Preeti Grover,Pulmonology,ICU
1989,Kartik Krishnan,Pediatrics,OPD
1990,Ruchi Mukhopadhyay,Nephrology,Diagnostics
1991,Hemant Menon,Pulmonology,Pathology
1992,Monika Kashyap,Pediatrics,Diagnostics
1993,Vikram Saluja,Pulmonology,Pathology
1994,Sonal Nambiar,Dermatology,Surgery
1995,Divya Nambiar,Gastroenterology,Diagnostics
1996,Ruchi Rao,Cardiology,OPD
1997,Harish Chopra,ENT,Pathology
1998,Chandan Mehta,Orthopedics,Rehab
1999,Lakshmi Arora,Dermatology,OPD
2000,Anita Tiwari,Pulmonology,Diagnostics